Dish Name,Ingredients,Price,Calories,Category
Malai Paneer Butter Masala,"mushroom, capsicum, rice, garlic, onion",446.11,7,Veg
Creamy Chicken Biryani,"potato, egg, capsicum",358.51,22,Veg
Garlic Jeera Rice,"lentils, yogurt, cauliflower, cashew, garlic",137.5,11,Beverage
Mango Malai Kofta,"rose water, spices, milk",128.86,23,Beverage
Hara Bhara Fish Amritsari,"capsicum, fish, onion",610.3,11,Combo
Palak Chicken 65,"saffron, sugar, nuts, cauliflower, lentils",515.13,48,Non-Veg
Cheese Corn Jeera Rice,"saffron, rose water, milk, lentils",693.5,45,Main Course
Shahi Tandoori Chicken,"capsicum, butter, prawn",328.72,9,Main Course
Ras Fresh Lime Water,"cauliflower, lemon, flour, rose water, yogurt",244.23,20,Dessert
Chilli Jalebi,"sugar, spices, tomato, okra, mushroom, butter",548.58,12,Starter
Malai Jeera Rice,"tomato, potato, mango, mutton, capsicum, okra",235.88,40,Veg
Shahi Paneer Butter Masala,"cashew, spices, fish, noodles, saffron",361.31,21,Starter
Aloo Chicken Tikka Masala,"potato, yogurt, sugar, saffron, paneer",451.35,36,Veg
Tandoori Chole Bhature,"mushroom, cream, onion, lemon, tomato",686.35,39,Starter
Special Prawn Masala,"okra, noodles, cauliflower, potato",522.03,30,Beverage
Prawn Special Thali,"capsicum, tomato, cashew, chicken",444.75,19,Main Course
Spicy Dal Makhani,"capsicum, tomato, butter",612.97,9,Main Course
Palak Mutton Rogan Josh,"mango, mushroom, egg, potato",138.48,47,Combo
Veg Cheese Corn Balls,"garlic, cream, flour",531.49,11,Main Course
Masala Fish Amritsari,"noodles, spinach, lentils, rose water",234.88,9,Bread
Jeera Masala Chai,"onion, mushroom, saffron",331.98,35,Main Course
Mango Onion Bhaji,"milk, paneer, okra, rose water",256.85,49,Bread
Special Fish Amritsari,"cream, prawn, mango",391.77,38,Starter
Classic Veg Thali,"tomato, mushroom, flour, spices",663.79,41,Main Course
Hara Bhara Kheer,"egg, prawn, okra",206.64,50,Beverage
Kadai Gulab Jamun,"rose water, prawn, tomato, paneer, garlic",125.42,18,Dessert
Special Malai Kofta,"sugar, fish, saffron, soy sauce",596.92,50,Dessert
Cheese Corn Classic Thali,"garlic, rice, okra, spices, yogurt",248.86,43,Main Course
Methi Kadai Paneer,"lemon, okra, cream, onion, noodles",594.2,7,Veg
Chicken Hara Bhara Kebab,"saffron, soy sauce, noodles, paneer, spices",126.65,49,Starter
Gobi Chicken Korma,"noodles, rice, butter, mutton",306.08,7,Beverage
Masala Gajar Halwa,"egg, yogurt, mushroom, saffron, spinach",626.48,6,Starter
Chilli Kadai Paneer,"mushroom, rice, onion, flour, nuts, cream",317.18,7,Bread
Kadai Fish Amritsari,"nuts, yogurt, egg, flour, noodles, spices",218.21,47,Main Course
Mutton Kadai Paneer,"lentils, nuts, flour",501.3,39,Beverage
Spicy Paneer Butter Masala,"spinach, okra, butter, garlic, noodles",294.33,25,Combo
Cheese Corn Veg Thali,"okra, butter, noodles, paneer",402.35,39,Main Course
Veg Cheese Corn Balls,"prawn, spices, mutton, egg, flour",512.27,40,Starter
Masala Papdi Chaat,"spinach, mutton, fish, yogurt, potato, lentils",596.91,24,Dessert
Masala Cheese Corn Balls,"rose water, soy sauce, cauliflower, mango, saffron",488.49,23,Beverage
Creamy Gajar Halwa,"potato, yogurt, chicken, butter",231.8,35,Non-Veg
Prawn Papdi Chaat,"milk, lemon, flour, mushroom",171.49,49,Veg
Gulab Chicken Tikka Masala,"spinach, rose water, cream, mushroom",648.83,12,Bread
Special Chicken 65,"soy sauce, noodles, saffron, mango, okra",546.1,45,Dessert
Garlic Special Thali,"lentils, soy sauce, tomato, fish",225.39,26,Beverage
Gulab Cold Coffee,"capsicum, milk, yogurt, cauliflower",119.82,31,Beverage
Gobi Chicken 65,"egg, milk, chicken, mango",83.66,27,Dessert
Garlic Egg Curry,"capsicum, mushroom, spices, rice, cauliflower, mango",98.0,26,Combo
Chilli Jeera Rice,"chicken, flour, onion, noodles",164.13,34,Starter
Classic Gulab Jamun,"rose water, prawn, cashew, milk",252.52,31,Dessert
Lemon Palak Paneer,"nuts, capsicum, tomato",564.36,46,Veg
Garlic Butter Chicken,"chicken, yogurt, mushroom, rice",373.61,12,Main Course
Prawn Gulab Jamun,"spices, saffron, mutton, garlic",438.78,24,Combo
Mutton Fish Amritsari,"garlic, mutton, spices, butter",295.27,32,Beverage
Creamy Veg Thali,"egg, lemon, garlic",348.78,28,Bread
Methi Aloo Gobi,"mango, rose water, noodles, lentils, prawn",608.06,10,Dessert
Gulab Methi Malai Paneer,"milk, saffron, paneer, mushroom, noodles, mango",192.74,18,Beverage
Jeera Gulab Jamun,"paneer, potato, onion, mushroom, egg",382.92,20,Bread
Malai Mutton Rogan Josh,"onion, fish, capsicum",330.73,20,Dessert
Shahi Jalebi,"noodles, cashew, nuts, rose water, lentils",270.11,19,Non-Veg
Chilli Fish Amritsari,"potato, cauliflower, mango, lentils",529.24,38,Dessert
Tandoori Fish Amritsari,"spinach, mutton, paneer, rice, lentils",108.22,8,Dessert
Methi Hara Bhara Kebab,"garlic, noodles, paneer, fish, yogurt, mushroom",376.8,26,Starter
Classic Gulab Jamun,"spices, egg, butter, potato, mushroom, rose water",437.75,48,Veg
Special Aloo Gobi,"onion, mushroom, spices, egg, capsicum",560.93,29,Bread
Ras Methi Malai Paneer,"mutton, fish, lemon, chicken, rose water, sugar",141.52,18,Main Course
Palak Palak Paneer,"tomato, saffron, paneer, egg",359.31,43,Bread
Paneer Chicken Korma,"rose water, tomato, capsicum, okra, potato",343.59,39,Main Course
Malai Aloo Gobi,"tomato, cream, saffron, mutton",448.93,41,Dessert
Prawn Paneer Butter Masala,"flour, lentils, lemon, soy sauce, onion",450.78,32,Beverage
Cheese Corn Gulab Jamun,"chicken, lentils, butter, spinach",371.71,46,Bread
Ras Ras Malai,"lemon, butter, mushroom, spinach, cauliflower, saffron",279.06,11,Starter
Chicken Papdi Chaat,"flour, butter, rose water, onion, prawn",236.49,12,Combo
Mango Veg Thali,"rose water, egg, cream",196.3,28,Bread
Malai Methi Malai Paneer,"lentils, rice, fish, soy sauce",626.12,36,Non-Veg
Spicy Kheer,"mutton, paneer, egg, onion",219.31,12,Bread
Tandoori Aloo Gobi,"lentils, egg, mango, mushroom, rose water",421.78,29,Main Course
Ras Kheer,"tomato, lentils, egg, cashew",659.23,37,Dessert
Lemon Paneer Tikka,"lemon, yogurt, soy sauce, mango, nuts",286.11,39,Combo
Prawn Tandoori Chicken,"milk, capsicum, egg, butter",277.27,35,Combo
Mutton Aloo Gobi,"rice, cashew, garlic",622.0,33,Non-Veg
Aloo Chicken 65,"egg, yogurt, tomato, mango",564.55,21,Beverage
Cheese Corn Onion Bhaji,"milk, prawn, lemon, butter, tomato",225.56,48,Dessert
Kadai Palak Paneer,"garlic, soy sauce, saffron",510.28,6,Veg
Chicken Veg Samosa,"noodles, yogurt, mushroom, egg, spinach",185.39,10,Combo
Cheese Corn Gajar Halwa,"capsicum, rose water, okra, paneer",637.32,34,Dessert
Shahi Cold Coffee,"nuts, fish, yogurt, prawn, cauliflower, lemon",235.06,24,Main Course
Mutton Prawn Masala,"nuts, fish, yogurt, lemon, rose water, paneer",686.33,47,Combo
Palak Paneer Tikka,"lemon, fish, capsicum",456.38,27,Main Course
Malai Fish Amritsari,"garlic, butter, mutton, soy sauce",100.69,28,Starter
Creamy Mango Lassi,"spinach, garlic, tomato, flour, lentils, lemon",409.13,22,Starter
Palak Prawn Masala,"cashew, spices, rose water, tomato, yogurt",547.57,19,Combo
Mango Masala Chai,"paneer, rice, lentils, cream, capsicum, spinach",497.15,48,Dessert
Hara Bhara Egg Curry,"garlic, capsicum, mango, chicken, prawn",647.46,19,Non-Veg
Malai Chicken 65,"egg, spices, rice, butter, mutton",697.47,12,Non-Veg
Kadai Cold Coffee,"sugar, cashew, lemon, nuts, lentils, cauliflower",444.15,14,Combo
Malai Chicken Tikka Masala,"lentils, chicken, nuts, spinach, garlic, capsicum",355.71,20,Beverage
Tandoori Chole Bhature,"cream, flour, lentils, potato, spices",668.39,34,Non-Veg
Shahi Chicken Biryani,"cream, cashew, mushroom",693.07,41,Main Course
Creamy Masala Chai,"capsicum, cashew, yogurt, paneer",251.91,14,Starter
Gobi Gulab Jamun,"chicken, rice, paneer",302.11,20,Beverage
Spicy Mushroom Masala,"egg, spices, tomato, mango",357.93,28,Non-Veg
Prawn Veg Thali,"mutton, rose water, chicken",117.71,35,Combo
Fish Chicken Tikka Masala,"tomato, soy sauce, butter, saffron, mutton, lemon",120.72,22,Beverage
Mutton Kheer,"noodles, cream, flour, nuts, mango, prawn",483.57,40,Main Course
Fish Methi Malai Paneer,"cashew, egg, capsicum, potato, cauliflower, sugar",138.95,32,Beverage
Shahi Gulab Jamun,"mango, tomato, onion, noodles",139.87,28,Starter
Gobi Veg Samosa,"spices, egg, nuts, noodles, cream",680.41,43,Dessert
Veg Chicken Tikka Masala,"yogurt, mango, capsicum, garlic",297.07,40,Beverage
Tandoori Ras Malai,"chicken, mutton, rose water, cashew, egg, nuts",245.82,16,Dessert
Methi Butter Naan,"paneer, spinach, yogurt, flour, tomato",167.96,45,Veg
Creamy Special Thali,"rose water, saffron, onion, spinach, yogurt, sugar",281.12,41,Non-Veg
Gulab Veg Samosa,"onion, lentils, soy sauce",490.4,36,Bread
Fish Ras Malai,"nuts, noodles, spices",255.61,48,Bread
Aloo Butter Naan,"cream, paneer, garlic, yogurt, rose water, milk",165.09,21,Dessert
Chicken Paneer Butter Masala,"spinach, tomato, potato, lentils, nuts, spices",390.16,47,Beverage
Creamy Onion Bhaji,"noodles, chicken, rose water",651.12,25,Combo
Hara Bhara Onion Bhaji,"fish, cream, potato, paneer, saffron, onion",576.82,44,Bread
Lemon Chole Bhature,"mushroom, noodles, flour",404.86,30,Dessert
Chilli Kadai Paneer,"tomato, spices, potato, nuts",297.68,46,Starter
Kadai Chicken Tikka Masala,"spinach, yogurt, tomato, lemon",367.65,41,Bread
Shahi Fresh Lime Water,"prawn, yogurt, soy sauce, tomato, mango",354.17,24,Dessert
Hara Bhara Veg Samosa,"mutton, rose water, soy sauce",103.32,28,Dessert
Creamy Palak Paneer,"rose water, fish, lentils, flour, sugar, chicken",358.83,41,Main Course
Chicken Kheer,"cream, soy sauce, garlic, cashew",689.08,10,Starter
Classic Gajar Halwa,"saffron, spinach, mango, yogurt, potato, cauliflower",560.17,48,Veg
Jeera Kadai Paneer,"milk, fish, okra",528.71,47,Starter
Chicken Palak Paneer,"nuts, mutton, flour, rice",448.93,10,Dessert
Gobi Egg Curry,"rice, onion, noodles, sugar, chicken",304.81,16,Main Course
Chicken Mutton Rogan Josh,"yogurt, tomato, fish, garlic",394.77,39,Veg
Shahi Kadai Paneer,"milk, yogurt, saffron, spinach",595.43,44,Starter
Chilli Methi Malai Paneer,"mushroom, soy sauce, fish, capsicum, mutton",678.67,35,Main Course
Veg Fresh Lime Water,"fish, milk, potato, okra, soy sauce, cauliflower",679.09,17,Starter
Mango Gulab Jamun,"sugar, lentils, rose water, cream, nuts, okra",607.72,23,Non-Veg
Garlic Jeera Rice,"noodles, onion, capsicum, soy sauce",628.47,6,Combo
Classic Onion Bhaji,"milk, onion, sugar, capsicum",97.48,11,Beverage
Jeera Aloo Gobi,"mango, rice, soy sauce, paneer, onion",91.78,18,Starter
Gobi Kheer,"fish, mushroom, mutton",155.55,20,Combo
Malai Badam Milk,"lemon, chicken, mushroom",525.5,23,Combo
Spicy Badam Milk,"spinach, cashew, mango, butter, okra, lemon",121.96,38,Veg
Mutton Prawn Masala,"sugar, rice, lemon, paneer, spinach, flour",121.89,20,Non-Veg
Garlic Jalebi,"rice, butter, nuts, cashew, spinach",594.84,48,Bread
Methi Prawn Masala,"tomato, rose water, butter, fish",204.99,17,Veg
Chicken Butter Naan,"okra, chicken, milk, prawn, garlic, yogurt",301.32,8,Beverage
Palak Paneer Butter Masala,"flour, sugar, capsicum, soy sauce, potato, saffron",683.71,36,Bread
Veg Special Thali,"noodles, onion, spinach",418.19,25,Non-Veg
Creamy Tandoori Chicken,"soy sauce, noodles, saffron, nuts, butter",530.62,27,Combo
Palak Veg Samosa,"sugar, okra, flour, lemon, cashew, onion",670.73,14,Bread
Classic Hara Bhara Kebab,"sugar, milk, butter, yogurt, soy sauce",668.27,28,Bread
Garlic Dal Makhani,"flour, prawn, lentils, mushroom, spices",96.07,16,Bread
Aloo Egg Curry,"okra, soy sauce, cauliflower",697.75,23,Bread
Masala Paneer Butter Masala,"soy sauce, spinach, onion",582.52,25,Beverage
Methi Dal Makhani,"mutton, saffron, spinach, sugar, capsicum",155.24,17,Starter
Kadai Mutton Rogan Josh,"rose water, rice, onion, tomato, mutton",326.86,50,Bread
Aloo Papdi Chaat,"rice, prawn, tomato",358.98,48,Beverage
Special Masala Chai,"rice, noodles, cream, spices",401.22,24,Starter
Butter Tandoori Chicken,"nuts, fish, onion, okra",201.71,40,Dessert
Special Butter Naan,"saffron, yogurt, cashew",602.37,41,Veg
Lemon Butter Chicken,"cauliflower, egg, chicken, lemon, fish",477.98,24,Bread
Kadai Onion Bhaji,"cream, saffron, soy sauce",337.69,34,Main Course
Chicken Kheer,"nuts, flour, rice, sugar, garlic",277.85,34,Non-Veg
Palak Methi Malai Paneer,"cream, fish, milk",615.78,31,Main Course
Mango Jeera Rice,"potato, saffron, lemon, rose water, mutton",388.37,10,Combo
Aloo Chicken 65,"nuts, cream, fish, lemon",450.46,46,Bread
Paneer Cold Coffee,"noodles, rice, okra",531.05,30,Beverage
Classic Onion Bhaji,"sugar, fish, tomato, milk",392.64,40,Dessert
Lemon Badam Milk,"rice, garlic, flour",311.38,26,Beverage
Garlic Aloo Gobi,"butter, chicken, mango, tomato, nuts, saffron",578.46,38,Bread
Special Kheer,"prawn, saffron, flour, mutton",448.11,37,Bread
Methi Fresh Lime Water,"sugar, cashew, spices",687.54,42,Dessert
Jeera Butter Chicken,"capsicum, cream, mango, saffron, milk",171.62,48,Main Course
Classic Fresh Lime Water,"potato, chicken, soy sauce",274.49,14,Combo
Methi Chicken Biryani,"cream, nuts, tomato, okra, garlic, lentils",281.53,47,Bread
Aloo Egg Curry,"rose water, cashew, nuts, okra",458.25,17,Main Course
Palak Masala Chai,"fish, cauliflower, lemon, prawn, mango",296.26,22,Dessert
Tandoori Fresh Lime Water,"flour, egg, spinach, milk, lemon, tomato",260.08,23,Non-Veg
Veg Methi Malai Paneer,"cauliflower, garlic, egg, lentils, rice, soy sauce",511.63,13,Non-Veg
Cheese Corn Jalebi,"capsicum, cream, garlic",336.25,50,Bread
Tandoori Hara Bhara Kebab,"egg, mango, potato, fish",279.12,46,Veg
Ras Palak Paneer,"butter, spinach, egg, flour",568.54,16,Dessert
Gulab Chicken Korma,"cashew, fish, rose water",693.24,39,Bread
Gulab Hara Bhara Kebab,"lentils, garlic, flour, cream, saffron, onion",533.29,46,Dessert
Methi Mushroom Masala,"fish, potato, spinach, flour, noodles",399.47,10,Combo
Shahi Chicken Tikka Masala,"mango, prawn, mushroom, paneer",241.69,20,Bread
Garlic Ras Malai,"paneer, okra, sugar, mushroom, cream",494.03,34,Dessert
Butter Onion Bhaji,"spices, fish, sugar, capsicum, rice",376.47,34,Beverage
Fish Masala Chai,"mushroom, onion, soy sauce, sugar",128.42,41,Non-Veg
Classic Masala Chai,"yogurt, saffron, prawn, soy sauce",152.07,18,Bread
Creamy Veg Thali,"rose water, rice, egg",363.22,8,Bread
Shahi Butter Naan,"okra, egg, paneer, sugar, garlic, fish",125.28,32,Beverage
Methi Dal Makhani,"tomato, mango, butter",258.0,16,Starter
Garlic Papdi Chaat,"soy sauce, noodles, rose water, potato, lemon, butter",503.29,47,Starter
Malai Malai Kofta,"rice, sugar, spices, egg, paneer, milk",94.1,24,Bread
Shahi Cold Coffee,"capsicum, spices, lemon, spinach, tomato, rice",196.86,12,Veg
Jeera Papdi Chaat,"mushroom, cauliflower, tomato",142.56,7,Bread
Cheese Corn Veg Samosa,"flour, soy sauce, capsicum",414.65,8,Starter
Aloo Mango Lassi,"prawn, mushroom, mutton, yogurt, capsicum",336.41,22,Veg
Gobi Jalebi,"noodles, lemon, cream, nuts",663.78,47,Combo
Jeera Special Thali,"egg, tomato, yogurt, potato, onion, milk",413.52,20,Main Course
Paneer Aloo Gobi,"egg, rice, milk",230.57,18,Beverage
Malai Palak Paneer,"onion, potato, cream, lentils, milk",497.68,43,Veg
Mango Dal Makhani,"mango, cauliflower, cashew, mutton",673.35,5,Main Course
Ras Fish Amritsari,"mango, mushroom, cauliflower",325.91,20,Beverage
Garlic Mango Lassi,"mutton, okra, sugar, lemon, rose water",141.14,35,Beverage
Ras Chicken Biryani,"butter, fish, noodles, spices, sugar, tomato",90.06,40,Combo
Paneer Aloo Gobi,"milk, mushroom, lemon, cashew",239.54,36,Bread
Prawn Jeera Rice,"saffron, rice, lemon, spinach, cream",404.85,9,Veg
Garlic Paneer Tikka,"tomato, yogurt, paneer, cauliflower",393.55,28,Veg
Cheese Corn Badam Milk,"chicken, paneer, lentils, rose water, cauliflower, mango",90.37,22,Dessert
Spicy Veg Thali,"spinach, cream, rose water, mango, okra, tomato",229.4,44,Dessert
Lemon Malai Kofta,"onion, spinach, potato, capsicum, fish, spices",693.94,19,Dessert
Shahi Palak Paneer,"onion, flour, milk",313.85,35,Veg
Malai Paneer Tikka,"lemon, noodles, cashew",430.83,11,Veg
Kadai Chicken Biryani,"lentils, chicken, rose water, butter, cashew, rice",637.57,41,Veg
Butter Tandoori Chicken,"yogurt, flour, tomato, mutton",180.72,20,Combo
Shahi Cold Coffee,"onion, nuts, cream, garlic",350.99,9,Beverage
Cheese Corn Badam Milk,"prawn, paneer, lemon, rice, flour, capsicum",384.17,27,Combo
Fish Mushroom Masala,"onion, milk, mutton, yogurt, flour, spices",522.13,10,Dessert
Special Egg Curry,"milk, prawn, sugar, garlic",136.74,24,Bread
Veg Ras Malai,"spinach, noodles, soy sauce",425.33,37,Combo
Tandoori Butter Chicken,"prawn, milk, paneer",260.95,29,Non-Veg
Chilli Masala Chai,"saffron, milk, rice, lentils",266.7,36,Starter
Creamy Jeera Rice,"mutton, mushroom, flour, butter, spinach, rice",665.42,45,Bread
Cheese Corn Badam Milk,"rice, mutton, paneer",668.27,26,Combo
Jeera Kadai Paneer,"rice, yogurt, saffron, mutton, nuts, garlic",376.99,16,Combo
Chicken Mango Lassi,"mushroom, saffron, potato, rice, egg, flour",323.62,12,Main Course
Hara Bhara Cold Coffee,"rose water, cauliflower, soy sauce",574.57,49,Non-Veg
Lemon Papdi Chaat,"mutton, mushroom, okra, yogurt",523.45,29,Non-Veg
Prawn Kheer,"egg, lentils, chicken, flour, spinach, nuts",635.21,39,Non-Veg
Tandoori Gajar Halwa,"saffron, butter, flour, cashew, noodles",145.69,11,Dessert
Kadai Veg Thali,"soy sauce, sugar, flour, rose water",558.85,42,Starter
Veg Butter Chicken,"egg, onion, spices, yogurt, nuts",273.37,34,Main Course
Aloo Prawn Masala,"soy sauce, prawn, tomato",266.16,50,Non-Veg
Spicy Kadai Paneer,"mushroom, spinach, saffron, cashew",427.11,34,Main Course
Jeera Onion Bhaji,"noodles, flour, chicken, potato",358.74,32,Combo
Spicy Chicken Biryani,"garlic, spinach, sugar",282.11,34,Non-Veg
Palak Mutton Rogan Josh,"milk, flour, spices, nuts, rose water",462.76,48,Dessert
Ras Badam Milk,"prawn, spices, mushroom, mutton",152.51,28,Starter
Aloo Egg Curry,"milk, noodles, spinach, lemon",474.01,49,Starter
Gobi Jeera Rice,"spinach, prawn, soy sauce, cream",616.62,5,Bread
Special Fish Amritsari,"egg, cashew, mushroom, cauliflower, nuts, lemon",355.19,15,Non-Veg
Hara Bhara Butter Chicken,"fish, butter, lentils, capsicum",413.32,15,Bread
Hara Bhara Mutton Rogan Josh,"spices, lentils, sugar",416.07,7,Bread
Gobi Chicken Biryani,"mushroom, mutton, butter",358.83,27,Non-Veg
Prawn Paneer Butter Masala,"cauliflower, nuts, noodles, saffron",462.01,18,Main Course
Jeera Veg Samosa,"saffron, prawn, fish, lentils, garlic",164.07,31,Veg
Palak Hara Bhara Kebab,"mushroom, yogurt, prawn, flour",383.46,41,Dessert
Malai Papdi Chaat,"onion, flour, lentils",510.72,28,Bread
Dal Tandoori Chicken,"rose water, nuts, tomato",573.32,30,Main Course
Fish Chicken Biryani,"fish, cashew, rice, lemon, cream",108.48,45,Bread
Spicy Paneer Butter Masala,"soy sauce, rose water, paneer, noodles",205.44,49,Starter
Gulab Butter Naan,"onion, sugar, okra, saffron, cream",325.73,24,Main Course
Fish Palak Paneer,"cauliflower, mango, tomato",162.27,19,Bread
Spicy Paneer Tikka,"noodles, rice, mango",123.91,29,Non-Veg
Chilli Chicken Tikka Masala,"mutton, rice, milk, yogurt, tomato",408.92,5,Starter
Prawn Malai Kofta,"egg, soy sauce, cauliflower, onion",635.89,13,Non-Veg
Hara Bhara Egg Curry,"prawn, flour, tomato, spices, rice, lemon",132.23,40,Dessert
Garlic Butter Chicken,"cauliflower, potato, flour, fish, cream",565.96,20,Bread
Mutton Paneer Butter Masala,"paneer, sugar, prawn",161.83,41,Combo
Veg Cold Coffee,"tomato, paneer, fish, butter, mango, rice",213.76,8,Combo
Aloo Mango Lassi,"noodles, nuts, potato, butter, prawn, lentils",413.35,14,Dessert
Creamy Butter Naan,"yogurt, prawn, flour, tomato",272.31,32,Main Course
Classic Gajar Halwa,"spices, capsicum, mutton, rose water, chicken, yogurt",492.97,47,Starter
Tandoori Paneer Tikka,"saffron, lemon, nuts",404.26,21,Starter
Veg Hara Bhara Kebab,"spices, chicken, cashew, noodles, lentils",404.79,21,Non-Veg
Dal Chicken 65,"lemon, saffron, sugar",177.53,11,Non-Veg
Kadai Veg Thali,"mushroom, butter, mango",305.67,14,Starter
Ras Chicken Korma,"capsicum, saffron, spices, cauliflower, sugar, mango",248.18,9,Beverage
Tandoori Veg Thali,"spinach, capsicum, butter",671.53,9,Bread
Mango Mango Lassi,"prawn, onion, rose water, paneer, sugar",204.42,41,Dessert
Chilli Badam Milk,"lemon, potato, mushroom, yogurt, paneer",658.09,6,Main Course
Gobi Malai Kofta,"cashew, paneer, milk",606.38,24,Non-Veg
Masala Special Thali,"lemon, mango, chicken, tomato, nuts, rice",137.68,19,Combo
Methi Chole Bhature,"garlic, rice, flour",126.39,41,Veg
Fish Hara Bhara Kebab,"prawn, flour, soy sauce, lentils, capsicum",126.31,17,Starter
Garlic Jalebi,"saffron, soy sauce, rose water",274.7,12,Beverage
Garlic Chicken Biryani,"okra, noodles, cream, butter, onion, flour",505.35,50,Veg
Masala Tandoori Chicken,"nuts, flour, cream, mutton",241.3,16,Veg
Mutton Methi Malai Paneer,"garlic, rose water, rice, spices",87.41,19,Starter
Masala Onion Bhaji,"okra, tomato, chicken",698.24,17,Bread
Jeera Hara Bhara Kebab,"spices, butter, rose water, cream, saffron",652.96,32,Combo
Dal Butter Chicken,"spinach, lemon, garlic, onion, rice, noodles",356.53,14,Veg
Cheese Corn Badam Milk,"lemon, egg, mango, cream, onion",253.46,13,Combo
Masala Special Thali,"milk, nuts, mango",417.6,36,Beverage
Ras Fresh Lime Water,"lentils, onion, paneer, saffron, mutton, spices",98.17,22,Veg
Jeera Prawn Masala,"saffron, garlic, mushroom, lentils",410.89,8,Main Course
Hara Bhara Egg Curry,"spinach, mushroom, prawn, nuts",646.67,6,Beverage
Hara Bhara Fresh Lime Water,"lemon, mutton, spinach, butter",135.96,19,Main Course
Spicy Special Thali,"potato, rice, cashew, spinach, prawn",116.92,14,Starter
Garlic Paneer Butter Masala,"tomato, sugar, flour, garlic, cashew",267.09,13,Starter
Chilli Cheese Corn Balls,"prawn, onion, nuts, lentils, rose water, mutton",567.93,19,Starter
Mutton Butter Naan,"rice, spinach, paneer, flour, butter",192.89,25,Main Course
Malai Fresh Lime Water,"yogurt, saffron, sugar, butter, spices, spinach",689.08,15,Non-Veg
Lemon Kadai Paneer,"cauliflower, mushroom, tomato, nuts, okra",567.95,5,Veg
Mutton Methi Malai Paneer,"egg, lemon, milk, nuts",418.53,11,Bread
Jeera Fresh Lime Water,"saffron, soy sauce, tomato, butter",262.84,25,Dessert
Tandoori Dal Makhani,"saffron, sugar, butter, lentils, rose water, lemon",448.3,44,Bread
Methi Butter Chicken,"noodles, saffron, cream, garlic",285.28,17,Combo
Methi Masala Chai,"fish, mutton, mushroom, garlic, cream",323.6,40,Bread
Special Veg Samosa,"onion, yogurt, egg, cashew, prawn, mutton",377.8,11,Veg
Masala Jeera Rice,"mango, spices, mutton",566.62,35,Bread
Gulab Gulab Jamun,"spinach, lemon, soy sauce, potato, mango, onion",356.38,21,Bread
Prawn Gulab Jamun,"cream, yogurt, garlic, onion, nuts",581.07,31,Main Course
Gobi Veg Samosa,"mango, fish, soy sauce, spices, mushroom, yogurt",128.95,50,Veg
Aloo Fresh Lime Water,"spices, soy sauce, spinach, saffron",682.74,17,Starter
Classic Cheese Corn Balls,"potato, egg, prawn, tomato, mango, mutton",239.89,9,Non-Veg
Mutton Masala Chai,"lentils, rose water, paneer, egg, spices",336.95,14,Non-Veg
Ras Chicken Tikka Masala,"fish, nuts, egg",243.76,46,Bread
Hara Bhara Kheer,"lentils, flour, yogurt, butter",325.39,26,Main Course
Classic Prawn Masala,"chicken, cashew, mutton, lentils, lemon",612.11,48,Non-Veg
Mango Veg Pulao,"prawn, rice, sugar, cauliflower, mutton, lemon",135.36,33,Main Course
Ras Papdi Chaat,"cream, saffron, tomato, mutton, flour",164.1,38,Veg
Butter Fish Amritsari,"cream, mushroom, butter, rose water",111.35,28,Main Course
Palak Chole Bhature,"spices, cashew, paneer, lemon, spinach, mushroom",448.31,16,Bread
Hara Bhara Masala Chai,"okra, onion, fish, chicken",319.67,15,Main Course
Mango Veg Pulao,"lentils, egg, chicken, paneer",373.94,13,Starter
Cheese Corn Paneer Tikka,"lentils, noodles, milk, nuts, rose water",236.24,34,Dessert
Shahi Special Thali,"garlic, paneer, okra, cashew, egg, noodles",312.02,46,Dessert
Paneer Chicken Tikka Masala,"lentils, prawn, okra, mutton, potato",172.96,20,Veg
Jeera Kheer,"rice, chicken, lemon, fish, okra",642.29,30,Combo
Chilli Chicken Korma,"cashew, capsicum, mango, nuts",394.54,15,Starter
Paneer Chicken Tikka Masala,"spinach, cashew, onion, capsicum, nuts",218.46,24,Combo
Jeera Kadai Paneer,"rose water, spices, mango, cream, tomato",372.78,17,Non-Veg
Mango Egg Curry,"cream, noodles, mango, tomato, soy sauce, garlic",292.46,41,Bread
Special Tandoori Chicken,"onion, lemon, cashew, spinach",274.32,8,Veg
Prawn Ras Malai,"saffron, lemon, onion, rice",460.98,45,Combo
Mutton Cheese Corn Balls,"paneer, chicken, lentils, garlic, sugar, spinach",669.04,25,Main Course
Spicy Paneer Tikka,"capsicum, nuts, mutton, rice",143.68,37,Dessert
Butter Dal Makhani,"fish, rose water, cashew, noodles, rice",292.49,36,Beverage
Garlic Fish Amritsari,"chicken, spices, mango, sugar, tomato, garlic",535.13,42,Starter
Tandoori Chole Bhature,"milk, okra, cream",448.23,8,Non-Veg
Malai Butter Chicken,"egg, soy sauce, milk",156.63,21,Bread
Methi Aloo Gobi,"mutton, egg, garlic",490.74,22,Starter
Fish Chicken Tikka Masala,"fish, spices, garlic",388.6,43,Main Course
Garlic Gulab Jamun,"nuts, egg, fish, saffron",104.43,36,Main Course
Methi Prawn Masala,"paneer, onion, spices",597.84,47,Bread
Special Palak Paneer,"garlic, okra, capsicum",363.19,23,Dessert
Prawn Veg Samosa,"butter, fish, sugar, prawn",344.12,12,Non-Veg
Mango Chicken Korma,"saffron, cashew, nuts, soy sauce",672.16,22,Non-Veg
Veg Kadai Paneer,"flour, mango, capsicum, rice, egg, potato",507.74,35,Combo
Malai Jeera Rice,"saffron, garlic, egg",644.96,35,Bread
Butter Badam Milk,"chicken, rice, mango, lemon, spices",630.31,33,Veg
Creamy Gulab Jamun,"capsicum, cashew, garlic",348.37,20,Bread
Veg Egg Curry,"paneer, saffron, mango",608.16,15,Non-Veg
Garlic Mutton Rogan Josh,"lentils, cream, capsicum, milk, flour",586.6,10,Bread
Prawn Fresh Lime Water,"soy sauce, saffron, cream, mushroom, sugar, prawn",91.02,30,Combo
Classic Masala Chai,"mutton, cauliflower, rose water",669.22,28,Veg
Lemon Veg Pulao,"mango, sugar, soy sauce, spices, garlic",550.78,19,Veg
Chicken Malai Kofta,"sugar, garlic, butter, saffron, lemon",167.08,50,Combo
Tandoori Gulab Jamun,"spices, flour, cauliflower, rose water",591.22,17,Beverage
Tandoori Papdi Chaat,"soy sauce, rose water, rice",677.59,5,Veg
Gobi Cheese Corn Balls,"spinach, nuts, fish, onion, sugar, egg",159.6,29,Beverage
Aloo Egg Curry,"lentils, flour, cashew, fish",360.76,13,Starter
Fish Kheer,"prawn, cauliflower, potato, fish, nuts",651.14,13,Starter
Aloo Cold Coffee,"spices, nuts, mango, egg, fish",624.04,32,Veg
Aloo Chicken Tikka Masala,"cream, potato, lentils, saffron",689.79,48,Dessert
Special Veg Samosa,"cauliflower, butter, nuts, soy sauce, garlic",461.99,48,Main Course
Chilli Masala Chai,"cream, milk, egg, prawn, paneer",541.08,17,Bread
Lemon Veg Pulao,"potato, fish, soy sauce, spinach, tomato",195.93,16,Non-Veg
Mutton Chicken Korma,"rice, saffron, okra, paneer, cashew",369.13,14,Veg
Special Tandoori Chicken,"lemon, nuts, tomato, prawn, capsicum",673.33,38,Non-Veg
Jeera Veg Thali,"onion, spinach, spices, soy sauce, garlic, cashew",285.77,28,Dessert
Masala Badam Milk,"spices, nuts, soy sauce",229.02,46,Main Course
Classic Tandoori Chicken,"milk, okra, fish",95.32,38,Beverage
Aloo Veg Thali,"fish, potato, prawn",398.61,11,Starter
Garlic Cold Coffee,"cauliflower, noodles, garlic",207.46,49,Combo
Malai Dal Makhani,"chicken, rose water, cashew, butter",134.26,8,Starter
Jeera Gulab Jamun,"okra, egg, milk, soy sauce",470.73,32,Beverage
Spicy Egg Curry,"tomato, butter, nuts",655.39,11,Dessert
Jeera Butter Naan,"soy sauce, milk, flour, chicken, mango",176.92,19,Starter
Chilli Onion Bhaji,"yogurt, mutton, sugar, paneer, spices",105.9,41,Combo
Gobi Masala Chai,"cauliflower, nuts, egg, yogurt, saffron",194.08,44,Dessert
Masala Paneer Butter Masala,"rose water, tomato, fish",496.44,21,Non-Veg
Masala Jalebi,"nuts, rice, mushroom, garlic, fish",464.1,17,Beverage
Dal Methi Malai Paneer,"yogurt, sugar, prawn, noodles, saffron",83.0,20,Main Course
Methi Cheese Corn Balls,"rice, cashew, mango, rose water, soy sauce",302.42,24,Bread
Gobi Chicken Tikka Masala,"lentils, rice, potato",243.21,45,Non-Veg
Chilli Dal Makhani,"flour, cauliflower, butter",421.99,39,Bread
Malai Aloo Gobi,"fish, rice, rose water, onion",326.01,37,Veg
Shahi Gajar Halwa,"rice, soy sauce, saffron, spinach",431.14,41,Starter
Chilli Prawn Masala,"capsicum, lemon, tomato",243.9,19,Veg
Shahi Chicken Biryani,"milk, mango, rose water, butter, prawn",144.0,38,Dessert
Lemon Gulab Jamun,"milk, sugar, tomato, okra",313.32,19,Combo
Veg Malai Kofta,"paneer, okra, soy sauce, tomato, capsicum, onion",222.59,37,Dessert
Masala Aloo Gobi,"spices, capsicum, egg, cashew, mango",498.64,35,Main Course
Hara Bhara Jeera Rice,"chicken, spices, lemon, tomato, fish, noodles",179.9,45,Veg
Gulab Fresh Lime Water,"okra, spinach, flour, chicken",624.68,47,Dessert
Creamy Chicken Biryani,"mango, onion, spices, egg, cauliflower, mutton",168.48,42,Starter
Cheese Corn Veg Thali,"rose water, tomato, capsicum, milk, rice",147.31,17,Combo
Lemon Aloo Gobi,"mango, butter, spices, onion",378.99,13,Veg
Gulab Cheese Corn Balls,"butter, noodles, capsicum, mango, milk",297.32,49,Non-Veg
Fish Hara Bhara Kebab,"onion, fish, egg, okra",197.19,50,Veg
Hara Bhara Special Thali,"milk, cauliflower, prawn",333.48,11,Starter
Fish Jalebi,"sugar, mutton, rice, cashew, potato, milk",206.29,40,Bread
Butter Chole Bhature,"okra, yogurt, fish, spinach, milk, nuts",326.84,13,Non-Veg
Chilli Veg Pulao,"garlic, cauliflower, flour, cashew",576.53,44,Veg
Butter Egg Curry,"onion, yogurt, mango",654.03,32,Non-Veg
Creamy Gulab Jamun,"butter, milk, flour",460.66,38,Dessert
Methi Kheer,"lemon, soy sauce, paneer, potato",607.35,38,Dessert
Masala Chicken Korma,"saffron, butter, sugar, mushroom",486.11,15,Non-Veg
Palak Onion Bhaji,"flour, fish, garlic, okra, paneer, sugar",516.25,10,Dessert
Chilli Masala Chai,"nuts, lentils, capsicum, potato, rose water",656.42,41,Veg
Palak Mushroom Masala,"tomato, fish, cashew",667.15,37,Dessert
Gulab Cold Coffee,"soy sauce, milk, mango, mushroom, cashew",675.97,34,Bread
Gulab Jalebi,"spices, rice, butter, potato, prawn, flour",696.4,48,Main Course
Jeera Tandoori Chicken,"paneer, okra, mushroom, fish, onion",327.34,26,Non-Veg
Gobi Mushroom Masala,"cauliflower, lentils, spinach, potato, lemon",537.01,20,Main Course
Mango Gulab Jamun,"mushroom, nuts, yogurt, garlic",154.32,10,Bread
Cheese Corn Paneer Tikka,"mango, sugar, prawn",385.25,41,Dessert
Dal Mushroom Masala,"flour, capsicum, rice, cream, noodles",376.56,39,Veg
Aloo Malai Kofta,"rose water, spices, prawn, paneer",87.33,18,Combo
Hara Bhara Chicken Tikka Masala,"spinach, okra, mushroom, lentils, mango",674.29,26,Beverage
Butter Mutton Rogan Josh,"sugar, spinach, noodles, potato, rice, capsicum",191.53,13,Main Course
Lemon Chicken Tikka Masala,"noodles, milk, potato, yogurt",576.02,14,Bread
Jeera Paneer Tikka,"rice, soy sauce, noodles, prawn, okra, lentils",526.75,36,Dessert
Palak Masala Chai,"flour, garlic, saffron",117.22,21,Bread
Lemon Chicken Tikka Masala,"okra, sugar, nuts, chicken, egg",155.17,48,Main Course
Hara Bhara Fresh Lime Water,"fish, nuts, prawn, lemon",560.34,33,Non-Veg
Mutton Badam Milk,"saffron, cashew, egg, flour",606.32,9,Non-Veg
Butter Kadai Paneer,"fish, lentils, flour, soy sauce, sugar",543.7,38,Bread
Fish Jeera Rice,"rice, mushroom, okra",663.07,49,Non-Veg
Masala Jeera Rice,"tomato, mango, cream",96.35,30,Non-Veg
Tandoori Gulab Jamun,"milk, mutton, capsicum",233.39,23,Bread
Malai Hara Bhara Kebab,"chicken, butter, nuts, prawn",615.83,34,Dessert
Gobi Methi Malai Paneer,"rose water, noodles, mutton, nuts",378.62,19,Non-Veg
Prawn Butter Naan,"yogurt, mutton, paneer, rice, nuts",257.79,39,Veg
Methi Mutton Rogan Josh,"mutton, paneer, milk, cauliflower, flour, yogurt",450.14,5,Beverage
Masala Papdi Chaat,"flour, spices, onion, nuts, sugar, prawn",321.63,29,Main Course
Palak Palak Paneer,"lentils, fish, egg, potato",609.16,16,Starter
Paneer Paneer Butter Masala,"lentils, nuts, mutton, mushroom, garlic, saffron",92.03,8,Veg
Butter Chicken Tikka Masala,"soy sauce, paneer, capsicum, onion",173.42,36,Main Course
Chicken Papdi Chaat,"sugar, capsicum, nuts, flour, chicken, saffron",129.74,14,Veg
Palak Onion Bhaji,"spinach, garlic, soy sauce, egg, rice, rose water",316.58,5,Non-Veg
Garlic Gajar Halwa,"mushroom, sugar, chicken, garlic, capsicum, mango",558.02,38,Main Course
Dal Egg Curry,"prawn, saffron, butter, spices, okra",378.36,24,Main Course
Veg Veg Samosa,"spices, mushroom, noodles, prawn",89.34,22,Non-Veg
Mutton Gajar Halwa,"mango, yogurt, sugar",557.89,20,Starter
Dal Palak Paneer,"cream, nuts, yogurt, garlic, rice",382.46,25,Beverage
Jeera Methi Malai Paneer,"milk, nuts, rice",235.43,7,Bread
Methi Methi Malai Paneer,"potato, fish, onion, lentils, spinach, saffron",534.09,22,Starter
Creamy Special Thali,"okra, sugar, rose water, paneer, milk",534.87,6,Beverage
Garlic Badam Milk,"milk, potato, lemon",554.76,14,Dessert
Chicken Papdi Chaat,"garlic, tomato, butter",597.82,13,Starter
Mango Chicken Korma,"potato, cream, chicken, fish, prawn, egg",320.93,36,Dessert
Classic Chole Bhature,"paneer, cauliflower, lemon",655.61,10,Bread
Jeera Veg Samosa,"sugar, flour, nuts, chicken, egg, mutton",244.81,7,Non-Veg
Lemon Butter Naan,"garlic, capsicum, milk, potato",199.73,47,Main Course
Hara Bhara Mushroom Masala,"garlic, milk, prawn, fish, spinach, cashew",364.41,47,Combo
Gulab Chicken Tikka Masala,"flour, cashew, saffron, soy sauce",658.78,25,Beverage
Mango Chole Bhature,"prawn, mutton, spices, fish, lentils, garlic",312.54,40,Dessert
Veg Methi Malai Paneer,"paneer, sugar, chicken, yogurt, mutton, lemon",400.92,24,Veg
Paneer Veg Pulao,"chicken, lentils, yogurt, garlic, butter",365.43,14,Starter
Palak Chole Bhature,"capsicum, okra, mutton, onion",433.7,41,Main Course
Chilli Dal Makhani,"spinach, mushroom, egg, soy sauce, nuts, noodles",437.26,11,Dessert
Classic Fresh Lime Water,"cashew, nuts, noodles",338.24,12,Main Course
Chilli Kheer,"cream, yogurt, okra, chicken, saffron, lentils",430.25,25,Main Course
Special Veg Samosa,"soy sauce, milk, mutton, fish, okra, butter",217.69,23,Combo
Special Hara Bhara Kebab,"cream, lentils, potato, rice, butter, rose water",391.13,49,Starter
Garlic Hara Bhara Kebab,"lemon, flour, potato, mushroom",230.24,22,Combo
Chicken Fresh Lime Water,"noodles, spinach, mango, garlic, saffron, rose water",448.2,6,Dessert
Butter Malai Kofta,"yogurt, capsicum, chicken, egg, spices, garlic",504.92,14,Non-Veg
Tandoori Veg Samosa,"fish, paneer, cashew, spices",269.17,35,Veg
Chicken Chicken Biryani,"cauliflower, okra, mango, yogurt",510.94,47,Veg
Mutton Jalebi,"okra, saffron, cream",256.09,49,Dessert
Classic Chicken 65,"tomato, milk, lentils",491.05,47,Beverage
Mango Chicken Tikka Masala,"capsicum, potato, okra, nuts, cream, saffron",380.49,43,Non-Veg
Butter Fish Amritsari,"chicken, lemon, spices, okra, yogurt, saffron",383.76,15,Veg
Veg Malai Kofta,"mushroom, lentils, cream, okra, milk",632.05,6,Dessert
Kadai Aloo Gobi,"rice, butter, sugar, potato, okra, cashew",459.72,45,Main Course
Fish Gajar Halwa,"mutton, rose water, lemon, saffron, capsicum, lentils",161.7,46,Starter
Hara Bhara Cold Coffee,"rice, mutton, noodles, yogurt",486.86,41,Starter
Chicken Dal Makhani,"spinach, prawn, yogurt",530.79,25,Combo
Fish Butter Naan,"yogurt, potato, garlic, rice, spinach",96.24,44,Dessert
Cheese Corn Fresh Lime Water,"capsicum, chicken, nuts, onion",506.65,35,Starter
Aloo Kheer,"spinach, milk, lemon, mango, rice",181.55,19,Veg
Fish Paneer Tikka,"capsicum, sugar, cashew, garlic, milk, soy sauce",121.0,33,Bread
Methi Tandoori Chicken,"noodles, flour, butter, milk",526.52,30,Veg
Aloo Chicken Tikka Masala,"mushroom, flour, butter",425.77,38,Veg
Masala Mango Lassi,"fish, rose water, saffron, noodles, cream",507.77,14,Bread
Lemon Methi Malai Paneer,"spinach, rice, flour",336.41,33,Veg
Butter Chicken 65,"rose water, onion, okra, prawn",508.86,50,Starter
Methi Paneer Butter Masala,"sugar, butter, okra, nuts, potato, lemon",570.46,37,Starter
Mutton Masala Chai,"cashew, yogurt, saffron, spinach",556.88,8,Combo
Paneer Butter Naan,"fish, prawn, onion, cream, tomato, garlic",82.19,21,Veg
Prawn Mutton Rogan Josh,"lemon, mushroom, cauliflower",445.09,35,Bread
Fish Methi Malai Paneer,"mushroom, lentils, cauliflower",110.33,14,Veg
Malai Malai Kofta,"mutton, cashew, onion",110.4,31,Starter
Butter Mango Lassi,"rose water, sugar, butter, onion",556.48,25,Beverage
Gulab Egg Curry,"tomato, yogurt, mushroom, lemon, cream, nuts",612.83,26,Combo
Aloo Chicken Biryani,"garlic, onion, mango",528.93,43,Dessert
Fish Kheer,"nuts, rice, lemon, spinach, capsicum",519.32,17,Veg
Tandoori Butter Chicken,"cauliflower, egg, butter",286.95,40,Main Course
Spicy Fish Amritsari,"tomato, mutton, prawn, paneer, spices",505.22,26,Combo
Chilli Fresh Lime Water,"spinach, potato, cashew",596.97,48,Bread
Ras Prawn Masala,"mango, yogurt, rose water, cashew",366.73,31,Veg
Lemon Special Thali,"chicken, cauliflower, cashew, nuts, tomato",681.16,22,Veg
Chicken Egg Curry,"milk, spinach, spices, mutton",517.27,25,Veg
Palak Papdi Chaat,"sugar, soy sauce, mutton, cauliflower",405.56,16,Non-Veg
Veg Chicken Korma,"soy sauce, chicken, mango",641.07,14,Main Course
Chicken Prawn Masala,"prawn, yogurt, garlic, rice, cauliflower",529.23,34,Combo
Dish Name,Ingredients,Price,Calories,Category
Tandoori Cheese Corn Balls,"noodles, ginger, paneer, mutton, milk, tomato, lentils",624.98,22,Dessert
Masala Garlic Naan,"egg, lentils, milk",662.9,16,Combo
Cheese Corn Fresh Lime Water,"rice, mutton, noodles",548.08,28,Starter
Mango Cheese Corn Balls,"garlic, mango, spices, chicken",169.76,39,Main Course
Special Veg Samosa,"fish, okra, chicken, ginger, onion",595.09,15,Bread
Garlic Paneer Tikka,"spices, okra, cream, capsicum, nuts",392.78,24,Starter
Aloo Paneer Tikka,"spinach, onion, fish, cream, tomato, lemon",475.17,32,Starter
Chicken Fresh Lime Water,"rose water, rice, potato, ginger, paneer, sugar",230.92,25,Starter
Special Fish Amritsari,"flour, lemon, okra, nuts, rice",251.79,33,Beverage
Lemon Paneer Butter Masala,"spices, rose water, nuts, capsicum",132.03,12,Beverage
Prawn Cheese Corn Balls,"milk, tomato, soy sauce, mushroom",190.69,11,Main Course
Masala Prawn Masala,"milk, noodles, egg, lentils, rice, okra",332.58,32,Bread
Shahi Butter Naan,"flour, sugar, lemon, yogurt, prawn",178.51,12,Non-Veg
Masala Mutton Rogan Josh,"mango, capsicum, tomato, soy sauce",328.97,38,Veg
Kadai Fresh Lime Water,"spices, onion, fish, butter, noodles",629.07,44,Veg
Kadai Gulab Jamun,"spices, butter, mutton",240.08,26,Dessert
Ras Aloo Gobi,"cashew, rice, paneer, mushroom, yogurt, spinach",423.39,30,Beverage
Mutton Chole Bhature,"yogurt, nuts, spices, rose water, lemon",350.68,50,Beverage
Special Butter Chicken,"spinach, lemon, cauliflower, milk, mushroom, mango",101.69,47,Main Course
Veg Hara Bhara Kebab,"rice, yogurt, cauliflower, sugar, ginger, rose water",134.12,31,Non-Veg
Gobi Dal Makhani,"chicken, potato, okra, cashew, prawn",451.95,20,Non-Veg
Garlic Veg Thali,"cream, paneer, onion",106.65,9,Combo
Prawn Onion Bhaji,"cream, spices, cauliflower, chicken, potato",507.57,45,Bread
Mango Chicken Biryani,"mushroom, soy sauce, milk, noodles",194.04,33,Beverage
Methi Aloo Gobi,"mushroom, lentils, onion, saffron, egg, lemon",486.83,41,Dessert
Creamy Paneer Tikka,"nuts, fish, potato, egg",236.59,14,Veg
Butter Mutton Rogan Josh,"okra, sugar, ginger, lentils",224.81,48,Non-Veg
Gulab Cold Coffee,"rice, lentils, lemon, yogurt, paneer, mango, nuts",423.49,9,Non-Veg
Shahi Kadai Paneer,"sugar, rice, prawn, lentils, okra, rose water, spices",338.38,15,Starter
Kadai Chicken Tikka Masala,"lentils, lemon, tomato",610.95,16,Main Course
Veg Aloo Gobi,"butter, okra, lemon",196.42,6,Veg
Tandoori Paneer Tikka,"butter, spinach, fish",530.9,40,Main Course
Shahi Mutton Rogan Josh,"cashew, lentils, onion, cauliflower",114.76,48,Main Course
Tandoori Chicken Biryani,"nuts, cream, butter, noodles, flour",365.12,5,Veg
Chicken Gajar Halwa,"garlic, spinach, egg, mango, flour",678.35,35,Main Course
Mango Malai Kofta,"mushroom, spices, chicken, egg",191.02,40,Non-Veg
Kadai Hara Bhara Kebab,"nuts, rice, spinach, sugar, spices, egg",449.45,7,Starter
Veg Veg Thali,"cream, butter, rose water, noodles, chicken, saffron, potato",244.39,7,Dessert
Ras Kheer,"prawn, milk, mutton",611.0,28,Bread
Creamy Cheese Corn Balls,"mutton, fish, spinach, garlic, butter, onion, lentils",664.83,37,Veg
Fish Prawn Masala,"spinach, fish, capsicum, soy sauce, butter, mango",264.87,18,Main Course
Chicken Mango Lassi,"nuts, lentils, cashew, ginger, yogurt, rose water, mango",507.21,18,Beverage
Veg Kheer,"milk, ginger, lentils, sugar, butter",345.04,13,Non-Veg
Lemon Prawn Masala,"rice, cashew, mutton, okra, chicken",315.33,29,Bread
Fish Cold Coffee,"chicken, cauliflower, egg, saffron",560.94,23,Veg
Creamy Hara Bhara Kebab,"milk, okra, prawn, mutton, spices",338.56,6,Beverage
Paneer Butter Chicken,"lemon, yogurt, cauliflower, noodles, flour, onion",624.17,15,Non-Veg
Gobi Fish Amritsari,"yogurt, tomato, garlic, ginger, butter",669.39,30,Starter
Dal Egg Curry,"garlic, nuts, sugar, saffron, lentils, okra",677.38,39,Beverage
Mutton Gulab Jamun,"cream, butter, spices, fish, mutton",249.49,36,Combo
Mutton Ras Malai,"onion, paneer, ginger, prawn, egg",245.42,31,Main Course
Paneer Chicken Korma,"cashew, capsicum, rose water, nuts, tomato",80.31,24,Bread
Garlic Garlic Naan,"potato, ginger, cream, paneer, egg",359.89,44,Veg
Chicken Fresh Lime Water,"lemon, spinach, chicken, cashew",575.65,29,Dessert
Hara Bhara Onion Bhaji,"lemon, mushroom, spinach, rose water, cauliflower, onion, rice",258.28,15,Starter
Hara Bhara Prawn Masala,"spices, lemon, noodles, soy sauce, cashew, onion",577.51,31,Starter
Shahi Jeera Rice,"okra, prawn, capsicum",415.22,25,Starter
Gulab Egg Curry,"cream, sugar, mutton, flour, spinach",513.79,21,Veg
Chicken Fish Amritsari,"sugar, lentils, paneer, mango",264.5,49,Dessert
Prawn Gulab Jamun,"nuts, prawn, capsicum",638.48,38,Combo
Ras Jeera Rice,"lemon, okra, chicken, onion, fish",331.05,22,Combo
Palak Kadai Paneer,"saffron, egg, spinach",436.96,31,Non-Veg
Kadai Egg Curry,"mutton, milk, noodles, nuts, fish, sugar",410.94,21,Combo
Kadai Ras Malai,"lemon, potato, noodles, spinach",667.35,25,Dessert
Lemon Jeera Rice,"cream, garlic, tomato, capsicum, egg, lemon",583.53,46,Beverage
Jeera Mutton Rogan Josh,"capsicum, onion, flour",397.64,12,Bread
Classic Palak Paneer,"paneer, cream, ginger",449.48,8,Non-Veg
Hara Bhara Hara Bhara Kebab,"tomato, lemon, cauliflower, noodles, saffron",623.18,7,Starter
Gulab Veg Thali,"mango, cashew, prawn",539.4,31,Dessert
Mutton Aloo Gobi,"egg, cream, nuts, flour, lentils, potato, paneer",216.56,43,Dessert
Cheese Corn Chole Bhature,"rice, spices, mushroom, mango, potato",288.37,13,Combo
Palak Dal Makhani,"milk, lemon, lentils, ginger, cauliflower, fish, mutton",304.3,14,Dessert
Garlic Chicken Korma,"lemon, saffron, butter, milk, onion, noodles, cashew",348.33,49,Starter
Special Jeera Rice,"capsicum, chicken, milk",598.21,43,Dessert
Prawn Cheese Corn Balls,"yogurt, nuts, garlic, mutton",273.44,40,Combo
Chicken Prawn Masala,"noodles, soy sauce, mutton",606.26,24,Main Course
Jeera Hara Bhara Kebab,"milk, noodles, tomato, cashew, rice, chicken, saffron",481.73,16,Non-Veg
Ras Mutton Rogan Josh,"lentils, rice, prawn",173.42,47,Bread
Shahi Chicken Korma,"butter, capsicum, nuts, spices, okra, cream, onion",82.89,44,Starter
Gobi Kheer,"yogurt, cashew, sugar, rice, capsicum, lentils, butter",321.36,7,Beverage
Spicy Palak Paneer,"rose water, lentils, mango, cauliflower, sugar",575.2,25,Dessert
Hara Bhara Dal Makhani,"noodles, onion, chicken, fish, cream, rose water, paneer",206.64,44,Veg
Ras Prawn Masala,"ginger, spinach, cauliflower, saffron, paneer, mushroom",127.93,5,Beverage
Butter Dal Makhani,"spinach, yogurt, sugar, chicken, garlic, nuts",637.87,7,Bread
Garlic Veg Thali,"okra, soy sauce, rose water, nuts, mushroom, egg",532.65,38,Dessert
Prawn Dal Makhani,"spinach, garlic, milk, egg",226.44,33,Dessert
Cheese Corn Aloo Gobi,"soy sauce, fish, flour, rose water, paneer, potato, nuts",320.8,28,Beverage
Cheese Corn Aloo Gobi,"lentils, chicken, flour, lemon, spices, fish",524.31,26,Bread
Masala Mutton Rogan Josh,"onion, rose water, sugar",677.66,16,Dessert
Lemon Chicken Tikka Masala,"cashew, rose water, sugar",592.8,23,Veg
Cheese Corn Veg Thali,"capsicum, cauliflower, rose water, cashew, soy sauce",463.35,45,Starter
Chole Malai Kofta,"soy sauce, paneer, prawn, cauliflower, spices",107.52,46,Beverage
Garlic Veg Samosa,"cauliflower, prawn, onion",641.57,18,Starter
Mutton Jeera Rice,"butter, garlic, cauliflower, rice, fish",83.38,27,Bread
Hara Bhara Aloo Gobi,"rose water, sugar, potato, prawn, fish, capsicum, lemon",521.03,34,Bread
Garlic Cheese Corn Balls,"garlic, nuts, flour, egg, cashew, mango",452.33,13,Bread
Chicken Dal Makhani,"fish, spinach, mushroom, prawn, rice",135.3,7,Veg
Chole Butter Chicken,"cashew, potato, mango, saffron, fish",519.58,13,Veg
Paneer Veg Samosa,"mushroom, egg, yogurt, rice, butter, nuts, spices",170.95,6,Bread
Aloo Ras Malai,"mango, fish, lemon, cashew",699.38,30,Beverage
Shahi Palak Paneer,"milk, rice, fish, paneer",558.5,7,Combo
Paneer Gulab Jamun,"flour, cashew, mushroom, egg, rose water, saffron, paneer",207.37,32,Starter
Prawn Ras Malai,"lemon, mutton, spinach",485.36,44,Starter
Mutton Garlic Naan,"mushroom, mutton, saffron, cream, ginger, paneer, okra",341.87,47,Starter
Aloo Kadai Paneer,"noodles, garlic, mango, lentils, butter",209.03,20,Veg
Tandoori Butter Chicken,"capsicum, onion, milk",614.36,10,Bread
Chicken Veg Thali,"fish, cashew, spinach, saffron",626.53,36,Combo
Mango Onion Bhaji,"egg, chicken, potato, noodles, cashew, onion, capsicum",221.58,17,Combo
Paneer Papdi Chaat,"garlic, cream, spices, flour, capsicum, fish",199.88,44,Beverage
Tandoori Paneer Tikka,"ginger, prawn, cauliflower, spinach",184.93,25,Non-Veg
Butter Gulab Jamun,"yogurt, noodles, soy sauce, egg, fish",267.97,28,Bread
Jeera Gajar Halwa,"spinach, saffron, prawn, tomato",336.5,46,Starter
Butter Aloo Gobi,"milk, noodles, mango",333.63,33,Beverage
Palak Ras Malai,"fish, soy sauce, onion, spices, prawn",290.68,10,Bread
Shahi Cold Coffee,"cauliflower, lemon, flour",170.38,42,Dessert
Shahi Garlic Naan,"spinach, sugar, noodles",136.19,32,Dessert
Gulab Garlic Naan,"cauliflower, flour, mutton, capsicum, cashew, fish",368.79,10,Beverage
Jeera Cold Coffee,"cauliflower, prawn, garlic, yogurt, potato",533.05,16,Starter
Gulab Mutton Rogan Josh,"noodles, sugar, ginger, milk, paneer, flour, yogurt",88.78,8,Non-Veg
Classic Mango Lassi,"noodles, yogurt, mushroom, mango, spinach",572.59,10,Beverage
Gobi Veg Samosa,"onion, potato, cream, flour, lentils, rose water",654.56,18,Non-Veg
Jeera Malai Kofta,"flour, butter, prawn, spices, spinach",625.44,22,Starter
Veg Fresh Lime Water,"flour, onion, garlic, cashew",141.93,30,Starter
Gulab Butter Chicken,"yogurt, ginger, capsicum, mutton, paneer",548.46,35,Dessert
Methi Palak Paneer,"cashew, rice, garlic, sugar, ginger, fish, onion",458.65,20,Starter
Gobi Papdi Chaat,"soy sauce, saffron, nuts",397.23,13,Starter
Butter Kadai Paneer,"egg, noodles, cashew, tomato, mutton",244.24,46,Combo
Classic Gajar Halwa,"potato, onion, egg, mango, sugar",287.55,47,Beverage
Kadai Gajar Halwa,"mushroom, capsicum, garlic, potato, okra, milk, onion",448.83,37,Non-Veg
Shahi Butter Chicken,"ginger, egg, saffron, spinach, lemon",199.43,6,Main Course
Methi Fresh Lime Water,"okra, spinach, cauliflower, yogurt, mango, soy sauce",696.68,36,Dessert
Classic Butter Naan,"lentils, butter, capsicum, mutton, okra, tomato",91.28,32,Veg
Classic Fish Amritsari,"mutton, ginger, spices, noodles, prawn, mushroom, spinach",204.38,24,Beverage
Mango Gajar Halwa,"noodles, mushroom, paneer, butter",610.76,8,Veg
Tandoori Cold Coffee,"butter, cream, mango, garlic, spices, chicken, prawn",310.51,45,Main Course
Veg Paneer Butter Masala,"prawn, saffron, ginger, butter, tomato, okra, capsicum",345.83,14,Bread
Palak Gajar Halwa,"yogurt, cashew, lemon, tomato, prawn, mutton",587.33,47,Veg
Shahi Butter Chicken,"capsicum, egg, milk, cashew, saffron",238.97,36,Veg
Special Kadai Paneer,"cauliflower, spinach, okra, tomato, yogurt, mango, potato",539.48,26,Starter
Ras Jeera Rice,"noodles, mushroom, spices, lemon, mutton",269.47,6,Main Course
Palak Cold Coffee,"mango, mushroom, lentils, soy sauce, potato, tomato",127.26,9,Bread
Gulab Hara Bhara Kebab,"milk, egg, lentils, spinach, yogurt, okra, fish",283.84,49,Bread
Malai Chicken Korma,"capsicum, mutton, potato, fish, spices, sugar",474.46,37,Dessert
Prawn Chole Bhature,"cauliflower, yogurt, potato, saffron, noodles, chicken, sugar",373.93,31,Veg
Palak Butter Naan,"spices, egg, flour, mushroom, fish, noodles, saffron",604.34,19,Combo
Dal Garlic Naan,"rose water, cream, flour, ginger, rice, okra",306.42,45,Beverage
Lemon Mango Lassi,"rose water, paneer, ginger",549.11,14,Beverage
Shahi Jeera Rice,"yogurt, flour, spinach",171.09,32,Beverage
Spicy Hara Bhara Kebab,"mango, lentils, lemon, milk",316.82,6,Beverage
Hara Bhara Dal Makhani,"potato, cashew, milk",115.1,32,Starter
Malai Jeera Rice,"milk, chicken, egg, mutton, saffron, yogurt, spices",408.55,7,Bread
Palak Cheese Corn Balls,"prawn, paneer, noodles, butter, spinach, egg",513.93,40,Veg
Butter Gajar Halwa,"cauliflower, fish, milk",409.04,20,Dessert
Jeera Fish Amritsari,"spinach, lemon, soy sauce",487.61,15,Dessert
Methi Cheese Corn Balls,"cauliflower, okra, cashew, lentils",213.45,22,Starter
Veg Veg Thali,"rice, nuts, garlic",175.96,21,Veg
Veg Cheese Corn Balls,"noodles, ginger, mutton, mango",301.75,28,Non-Veg
Paneer Paneer Tikka,"capsicum, milk, egg, ginger, spices, soy sauce, flour",198.11,15,Beverage
Shahi Garlic Naan,"butter, rice, saffron, soy sauce, spices",95.69,17,Combo
Fish Chicken Korma,"okra, nuts, soy sauce, prawn",526.94,31,Main Course
Shahi Chicken Korma,"mutton, spinach, mango",148.43,11,Combo
Hara Bhara Onion Bhaji,"rose water, fish, potato, onion, okra, prawn, nuts",660.33,7,Bread
Tandoori Veg Thali,"saffron, prawn, garlic, mushroom, mutton, lentils, noodles",291.79,41,Combo
Special Cold Coffee,"tomato, chicken, soy sauce, lentils, rose water",462.63,25,Beverage
Creamy Malai Kofta,"rice, prawn, rose water",158.34,8,Veg
Gulab Aloo Gobi,"egg, okra, rice, spinach, soy sauce, garlic",640.24,40,Non-Veg
Spicy Fish Amritsari,"yogurt, chicken, mango",415.39,8,Main Course
Creamy Chicken Biryani,"cashew, flour, saffron, tomato, nuts, rose water",263.66,29,Combo
Lemon Paneer Tikka,"rose water, onion, lentils",191.62,6,Main Course
Methi Ras Malai,"garlic, capsicum, potato, mushroom",653.3,32,Combo
Lemon Palak Paneer,"yogurt, saffron, butter, soy sauce, cauliflower, prawn",413.46,17,Beverage
Dal Onion Bhaji,"capsicum, prawn, onion, butter, mushroom, sugar",646.61,32,Beverage
Creamy Veg Thali,"flour, prawn, soy sauce",230.01,35,Dessert
Special Gajar Halwa,"onion, garlic, capsicum",483.27,16,Dessert
Veg Fresh Lime Water,"tomato, mushroom, okra, soy sauce, cashew",353.46,18,Combo
Mutton Palak Paneer,"prawn, fish, soy sauce",300.11,35,Starter
Prawn Butter Chicken,"capsicum, onion, prawn, mutton",419.94,50,Bread
Malai Aloo Gobi,"nuts, spices, onion, fish, cream",182.79,34,Bread
Lemon Garlic Naan,"soy sauce, onion, tomato, mushroom",97.84,35,Dessert
Paneer Fresh Lime Water,"mango, prawn, cauliflower",468.79,34,Veg
Gulab Egg Curry,"lentils, rice, rose water, mutton, lemon",141.82,41,Veg
Shahi Jeera Rice,"fish, egg, noodles, cauliflower, cashew, soy sauce, potato",371.9,48,Main Course
Special Butter Chicken,"mango, chicken, noodles",334.92,31,Main Course
Kadai Paneer Tikka,"spices, cream, spinach",553.21,50,Veg
Butter Chicken Biryani,"milk, tomato, cream, yogurt, mango, soy sauce",321.12,24,Non-Veg
Chole Dal Makhani,"rose water, tomato, nuts",263.08,21,Main Course
Mango Ras Malai,"mango, paneer, noodles",602.91,48,Veg
Chicken Gajar Halwa,"onion, mutton, flour, capsicum",122.01,24,Beverage
Paneer Jeera Rice,"ginger, paneer, nuts, tomato, lemon",385.1,20,Starter
Fish Veg Samosa,"milk, saffron, mutton, egg",261.6,25,Non-Veg
Palak Hara Bhara Kebab,"garlic, saffron, mango, ginger, onion",620.1,45,Dessert
Gobi Egg Curry,"okra, egg, mushroom, milk, nuts, onion, mutton",145.97,48,Veg
Butter Veg Thali,"capsicum, sugar, rose water, milk, okra, potato, yogurt",206.73,36,Non-Veg
Ras Papdi Chaat,"garlic, noodles, chicken, lemon, prawn, mushroom",433.34,12,Combo
Special Dal Makhani,"cauliflower, okra, cashew, noodles",341.64,27,Starter
Garlic Egg Curry,"egg, capsicum, cauliflower, rose water, mango",475.18,22,Starter
Fish Malai Kofta,"prawn, sugar, cauliflower, cream",692.47,34,Main Course
Jeera Veg Thali,"rose water, sugar, lemon, ginger",234.31,22,Beverage
Fish Paneer Tikka,"butter, cream, spices, lentils",533.09,41,Veg
Gulab Malai Kofta,"rice, rose water, yogurt, fish, milk, prawn, cream",395.44,47,Combo
Shahi Onion Bhaji,"spices, capsicum, milk, spinach",262.32,19,Veg
Gobi Butter Naan,"lentils, lemon, paneer, spinach",277.38,27,Veg
Aloo Chole Bhature,"milk, okra, paneer, cauliflower, mushroom",123.93,12,Bread
Tandoori Gajar Halwa,"potato, chicken, lentils, cashew, cauliflower, egg, okra",648.08,32,Non-Veg
Methi Chole Bhature,"capsicum, prawn, tomato",159.29,24,Combo
Methi Kadai Paneer,"onion, mango, capsicum, saffron, cashew, ginger, soy sauce",686.76,14,Non-Veg
Paneer Veg Samosa,"spinach, cauliflower, nuts, rose water, rice, capsicum, sugar",191.42,10,Non-Veg
Shahi Jeera Rice,"egg, capsicum, tomato, soy sauce",641.08,5,Main Course
Spicy Cold Coffee,"cream, onion, mango, butter, potato, okra, paneer",313.02,25,Veg
Veg Hara Bhara Kebab,"milk, saffron, rice, mushroom, garlic, rose water",279.07,48,Bread
Creamy Paneer Tikka,"mutton, prawn, capsicum, egg, lentils, soy sauce, butter",127.44,19,Main Course
Mango Veg Thali,"nuts, ginger, okra, chicken",601.88,13,Veg
Butter Gulab Jamun,"mutton, spices, paneer, mushroom, sugar",601.67,45,Dessert
Classic Chicken Korma,"egg, garlic, tomato, cashew",656.88,37,Non-Veg
Hara Bhara Prawn Masala,"soy sauce, egg, nuts, tomato, mango, onion, spinach",453.07,6,Non-Veg
Lemon Chole Bhature,"mushroom, lemon, rice, okra, tomato, spinach, fish",508.79,50,Veg
Methi Egg Curry,"mutton, nuts, lentils, cauliflower",470.95,7,Non-Veg
Butter Kadai Paneer,"tomato, paneer, lentils, mutton, ginger",362.68,22,Main Course
Jeera Kadai Paneer,"saffron, paneer, noodles",485.58,22,Beverage
Paneer Palak Paneer,"lemon, garlic, mango, cashew, tomato, ginger",622.24,20,Main Course
Chicken Gulab Jamun,"egg, mutton, potato, rice, garlic, sugar, fish",415.97,9,Combo
Fish Aloo Gobi,"sugar, egg, garlic, flour, chicken, ginger, mushroom",442.89,29,Dessert
Shahi Ras Malai,"potato, rice, fish, ginger, mutton, nuts",246.54,25,Main Course
Hara Bhara Paneer Butter Masala,"tomato, yogurt, fish, soy sauce",629.18,31,Non-Veg
Malai Veg Thali,"paneer, chicken, rose water, cashew",607.33,42,Beverage
Hara Bhara Aloo Gobi,"ginger, flour, rose water, onion, okra",376.53,26,Dessert
Hara Bhara Gajar Halwa,"onion, fish, flour, okra, spices, milk, yogurt",595.95,10,Dessert
Fish Prawn Masala,"prawn, mango, cream, onion, potato, sugar, cauliflower",239.39,41,Beverage
Veg Cheese Corn Balls,"okra, paneer, cauliflower, butter, prawn",611.52,7,Dessert
Hara Bhara Gajar Halwa,"flour, lentils, garlic, egg, prawn, spinach",99.58,5,Main Course
Mango Cheese Corn Balls,"prawn, paneer, garlic, nuts",680.93,11,Combo
Masala Dal Makhani,"egg, fish, cauliflower, mango, potato, prawn",173.55,42,Non-Veg
Fish Egg Curry,"milk, butter, mushroom, lemon, garlic, rice",107.71,21,Veg
Gulab Aloo Gobi,"soy sauce, paneer, egg, capsicum, flour, noodles, okra",101.66,33,Starter
Veg Egg Curry,"mushroom, soy sauce, capsicum, mutton, spinach, rose water, cashew",88.22,14,Starter
Cheese Corn Prawn Masala,"yogurt, saffron, lentils",489.59,17,Bread
Paneer Prawn Masala,"rose water, fish, capsicum, garlic",350.2,47,Beverage
Methi Garlic Naan,"mutton, onion, milk, mango",421.05,12,Bread
Gulab Gulab Jamun,"mushroom, rose water, milk, sugar, nuts",231.08,28,Main Course
Butter Cold Coffee,"tomato, butter, lemon",102.6,27,Veg
Methi Ras Malai,"tomato, prawn, yogurt",294.98,33,Non-Veg
Masala Ras Malai,"tomato, prawn, spinach, ginger, nuts",402.62,20,Non-Veg
Spicy Cold Coffee,"capsicum, soy sauce, okra, mushroom, lemon",508.21,22,Combo
Aloo Mango Lassi,"cream, potato, lentils, lemon",619.59,40,Bread
Classic Aloo Gobi,"chicken, mushroom, cauliflower, mutton, lentils, rose water, ginger",536.85,33,Beverage
Paneer Jeera Rice,"ginger, rice, cauliflower",153.84,16,Non-Veg
Creamy Ras Malai,"onion, lemon, garlic, butter, mango, yogurt",677.82,25,Combo
Special Egg Curry,"okra, milk, capsicum, chicken",622.36,17,Beverage
Lemon Garlic Naan,"noodles, nuts, ginger, yogurt, lentils, prawn, onion",375.67,16,Beverage
Mango Aloo Gobi,"lentils, egg, potato, rose water, mango, prawn, milk",137.02,42,Combo
Palak Paneer Tikka,"fish, capsicum, ginger, prawn",151.19,16,Veg
Palak Dal Makhani,"mango, noodles, milk, lentils, lemon, tomato, okra",476.08,14,Starter
Prawn Butter Chicken,"mushroom, fish, milk, spinach, cauliflower, flour",457.51,13,Dessert
Cheese Corn Kheer,"fish, rose water, yogurt",144.77,45,Main Course
Mango Chicken Tikka Masala,"fish, yogurt, mutton, lemon, milk, mango",488.51,26,Beverage
Shahi Prawn Masala,"mushroom, paneer, nuts, onion, ginger, potato, garlic",258.8,30,Dessert
Mango Butter Chicken,"egg, cream, yogurt",225.22,27,Main Course
Methi Ras Malai,"noodles, mushroom, soy sauce",411.98,37,Bread
Butter Prawn Masala,"rose water, nuts, egg, potato, fish, onion, butter",407.92,36,Non-Veg
Lemon Mango Lassi,"rice, tomato, chicken, lemon, mushroom",104.69,36,Combo
Hara Bhara Butter Naan,"rice, paneer, lentils, tomato",503.53,45,Starter
Chicken Butter Chicken,"capsicum, ginger, prawn, spinach",161.98,44,Non-Veg
Chole Chole Bhature,"cauliflower, prawn, mutton, tomato, lentils, mushroom, sugar",163.71,24,Dessert
Aloo Egg Curry,"cauliflower, potato, chicken, lentils, egg, mango, lemon",230.95,15,Non-Veg
Gulab Kadai Paneer,"cashew, sugar, mushroom, spices, flour",477.05,21,Starter
Mutton Chicken Korma,"tomato, cashew, sugar, cream, chicken",91.7,18,Dessert
Chicken Gulab Jamun,"rose water, noodles, lentils, chicken, nuts",117.97,13,Dessert
Mutton Kadai Paneer,"ginger, prawn, paneer",365.84,41,Combo
Ras Butter Naan,"rose water, chicken, nuts",579.35,32,Main Course
Gulab Palak Paneer,"egg, onion, cream, sugar, mango, mushroom",433.53,17,Veg
Masala Kadai Paneer,"okra, prawn, lemon, capsicum",553.68,30,Combo
Special Paneer Tikka,"saffron, cream, ginger, tomato, egg",614.0,18,Dessert
Malai Garlic Naan,"butter, mushroom, mango, yogurt, prawn, soy sauce",210.5,10,Veg
Prawn Paneer Tikka,"lemon, spinach, garlic",290.58,27,Combo
Creamy Prawn Masala,"mutton, mango, mushroom, noodles, rice",603.1,15,Veg
Butter Ras Malai,"butter, chicken, lemon, rice, cream, ginger",417.91,32,Starter
Tandoori Onion Bhaji,"onion, chicken, cream, saffron, potato, okra, prawn",540.52,18,Starter
Fish Chicken Biryani,"garlic, milk, soy sauce",88.71,46,Veg
Aloo Paneer Tikka,"mango, paneer, cream, spinach, onion, tomato, milk",167.26,41,Starter
Ras Veg Samosa,"garlic, soy sauce, rose water, nuts, ginger, yogurt, fish",429.87,31,Main Course
Chole Mango Lassi,"fish, egg, butter, lemon",573.4,5,Beverage
Dal Veg Samosa,"mango, sugar, cauliflower, noodles, rice",182.46,36,Veg
Kadai Ras Malai,"fish, chicken, cauliflower, mutton, cashew",225.35,38,Bread
Paneer Fresh Lime Water,"prawn, rose water, paneer, noodles",536.59,31,Beverage
Dal Cheese Corn Balls,"onion, cashew, yogurt, prawn, nuts, fish, tomato",395.95,11,Main Course
Fish Aloo Gobi,"mushroom, lentils, garlic",244.97,31,Starter
Chole Kadai Paneer,"chicken, milk, prawn, lemon, yogurt, cashew, ginger",272.77,38,Beverage
Butter Cold Coffee,"prawn, rice, egg, paneer",570.64,39,Bread
Dal Egg Curry,"egg, fish, mushroom, lentils, mutton, flour, ginger",544.39,8,Dessert
Methi Egg Curry,"flour, onion, fish, potato, garlic",275.11,35,Beverage
Gulab Chicken Biryani,"cauliflower, potato, rose water, chicken, yogurt, prawn, lemon",539.6,39,Beverage
Veg Chicken Korma,"cream, noodles, nuts",96.81,13,Combo
Shahi Hara Bhara Kebab,"lentils, rice, onion, mushroom, mutton, sugar",673.7,12,Bread
Shahi Mango Lassi,"rice, mushroom, tomato, garlic",440.79,44,Bread
Prawn Veg Thali,"tomato, lentils, lemon, cream, spices, butter, noodles",349.33,22,Starter
Masala Ras Malai,"saffron, tomato, okra, egg, mango, sugar",555.59,37,Non-Veg
Fish Prawn Masala,"yogurt, milk, ginger, rice, mushroom, rose water",512.14,33,Beverage
Shahi Egg Curry,"milk, nuts, prawn, cashew, yogurt, garlic",678.58,29,Dessert
Spicy Hara Bhara Kebab,"cauliflower, capsicum, butter, spinach",613.68,6,Dessert
Chole Butter Chicken,"butter, lentils, soy sauce, cashew, saffron, garlic",432.28,13,Dessert
Garlic Butter Naan,"tomato, flour, rose water",117.36,13,Main Course
Veg Gulab Jamun,"spinach, sugar, noodles, rice",283.37,7,Starter
Gobi Mango Lassi,"lentils, onion, saffron",338.09,44,Main Course
Spicy Palak Paneer,"tomato, ginger, mutton, cauliflower, egg",496.59,50,Veg
Masala Jeera Rice,"spices, tomato, cauliflower, saffron, rice, rose water",603.94,24,Non-Veg
Chicken Onion Bhaji,"ginger, cream, nuts, lemon, tomato, rose water",236.29,49,Dessert
Chicken Paneer Tikka,"mango, saffron, prawn, cauliflower, onion, sugar, capsicum",254.39,39,Non-Veg
Gobi Paneer Tikka,"lentils, noodles, spinach, rose water, mango, tomato, cream",239.85,35,Beverage
Malai Butter Naan,"cashew, prawn, egg, ginger",684.09,16,Starter
Gobi Egg Curry,"ginger, cauliflower, flour, spices, mutton",480.49,42,Beverage
Paneer Ras Malai,"noodles, sugar, yogurt, rice, rose water, soy sauce",336.89,12,Beverage
Paneer Paneer Butter Masala,"chicken, prawn, paneer, okra, soy sauce, rice",211.87,19,Starter
Shahi Mutton Rogan Josh,"paneer, egg, rice, onion, garlic",619.17,29,Beverage
Shahi Prawn Masala,"onion, lentils, fish, egg, butter",208.89,48,Combo
Garlic Chicken Biryani,"lemon, onion, yogurt, mutton, prawn, paneer",600.99,15,Starter
Lemon Fish Amritsari,"ginger, flour, egg, butter, mushroom, capsicum",158.87,14,Starter
Creamy Garlic Naan,"mushroom, cashew, spinach, sugar, cauliflower, noodles",611.5,18,Veg
Fish Aloo Gobi,"rice, cauliflower, spinach, mango, garlic",593.45,47,Combo
Aloo Chicken Tikka Masala,"flour, noodles, butter",140.65,16,Bread
Shahi Cold Coffee,"cauliflower, cream, onion",570.44,49,Non-Veg
Malai Malai Kofta,"onion, capsicum, lentils",142.8,7,Beverage
Garlic Paneer Tikka,"ginger, butter, mango, cashew",668.95,29,Main Course
Prawn Garlic Naan,"ginger, butter, flour, fish, rice",684.67,9,Dessert
Creamy Malai Kofta,"rice, paneer, yogurt, rose water, egg",650.16,16,Dessert
Mutton Jeera Rice,"sugar, prawn, cauliflower, lemon",392.87,44,Combo
Lemon Paneer Tikka,"spinach, prawn, chicken, rose water",280.02,46,Main Course
Mutton Gulab Jamun,"butter, cauliflower, noodles, prawn, rose water",214.1,35,Dessert
Chicken Chicken Biryani,"cauliflower, egg, cashew, spinach, garlic, prawn",253.74,48,Bread
Mango Palak Paneer,"fish, soy sauce, tomato, rice, noodles, rose water, okra",100.45,47,Beverage
Tandoori Onion Bhaji,"mango, capsicum, milk, chicken, prawn",207.31,48,Combo
Methi Gajar Halwa,"onion, soy sauce, garlic, potato, saffron",348.6,12,Veg
Ras Veg Samosa,"ginger, potato, flour, nuts, sugar",682.1,33,Bread
Dal Cheese Corn Balls,"mutton, flour, onion, ginger, egg, fish, tomato",380.25,13,Dessert
Masala Veg Thali,"saffron, butter, cashew, mango, chicken",475.25,44,Non-Veg
Malai Paneer Butter Masala,"lemon, rose water, ginger, rice",391.66,44,Combo
Palak Papdi Chaat,"mutton, spinach, sugar, yogurt, fish, lentils",494.96,42,Non-Veg
Special Paneer Butter Masala,"sugar, capsicum, lentils, chicken, lemon, butter",641.32,38,Beverage
Chicken Fresh Lime Water,"noodles, milk, paneer",646.32,10,Dessert
Gulab Papdi Chaat,"potato, butter, ginger, noodles",352.62,47,Veg
Masala Gulab Jamun,"mango, cashew, flour, garlic, spinach, tomato, rice",376.38,25,Combo
Dal Aloo Gobi,"mango, fish, noodles",143.82,5,Combo
Gobi Palak Paneer,"capsicum, mushroom, yogurt, cashew, butter, garlic",421.29,27,Bread
Cheese Corn Paneer Butter Masala,"spices, spinach, mushroom, paneer, saffron, milk, fish",273.5,46,Bread
Jeera Fish Amritsari,"flour, paneer, lentils, cauliflower",604.8,10,Bread
Hara Bhara Prawn Masala,"saffron, mutton, capsicum, okra",289.92,25,Non-Veg
Fish Jeera Rice,"cashew, capsicum, cauliflower, spinach",538.42,18,Non-Veg
Creamy Papdi Chaat,"chicken, saffron, nuts, sugar",660.6,12,Starter
Paneer Dal Makhani,"chicken, soy sauce, mutton",104.77,38,Dessert
Masala Jeera Rice,"okra, paneer, saffron, soy sauce, cream",325.45,43,Veg
Mango Fish Amritsari,"chicken, fish, noodles, onion, garlic, soy sauce",419.47,39,Beverage
Jeera Jeera Rice,"paneer, noodles, mushroom",661.78,26,Bread
Jeera Garlic Naan,"prawn, chicken, milk, butter, saffron",357.13,31,Beverage
Cheese Corn Veg Thali,"mango, milk, potato, chicken, cashew",173.21,23,Combo
Classic Fresh Lime Water,"flour, soy sauce, garlic, lentils, mango",159.09,27,Non-Veg
Butter Butter Chicken,"onion, lemon, potato, butter, yogurt, cashew, chicken",160.16,45,Main Course
Special Veg Samosa,"onion, rose water, okra, sugar, noodles",307.69,38,Bread
Gulab Chicken Tikka Masala,"ginger, lentils, lemon, sugar",348.96,11,Bread
Prawn Gulab Jamun,"nuts, saffron, butter, spices, capsicum, potato",554.08,31,Beverage
Fish Cold Coffee,"spices, nuts, garlic, flour",511.17,16,Combo
Jeera Palak Paneer,"soy sauce, noodles, egg",485.12,22,Veg
Methi Chicken Biryani,"rice, onion, spinach, potato, yogurt, saffron",389.45,34,Veg
Garlic Kadai Paneer,"milk, rice, mango, spices, capsicum, egg",244.17,18,Beverage
Veg Gulab Jamun,"egg, garlic, flour",303.06,12,Starter
Aloo Veg Thali,"sugar, ginger, prawn, noodles, mango",657.35,45,Non-Veg
Veg Mango Lassi,"paneer, sugar, rose water, cashew, okra, lemon",267.81,15,Dessert
Shahi Dal Makhani,"okra, mango, paneer, soy sauce, cashew",546.88,43,Non-Veg
Palak Hara Bhara Kebab,"lemon, mango, cauliflower, mushroom, rose water, rice, spices",645.66,44,Veg
Gulab Gulab Jamun,"mutton, garlic, cauliflower, lemon",231.46,38,Main Course
Mango Chicken Tikka Masala,"paneer, prawn, milk, onion, chicken, rose water",549.15,9,Veg
Ras Mutton Rogan Josh,"saffron, fish, cashew, spices",515.12,46,Bread
Fish Fresh Lime Water,"noodles, lemon, soy sauce, okra",339.96,43,Main Course
Fish Paneer Tikka,"potato, noodles, okra, capsicum, nuts",694.03,50,Bread
Lemon Veg Thali,"spinach, saffron, sugar, garlic, mushroom",570.79,26,Starter
Jeera Mutton Rogan Josh,"spices, cauliflower, rice, chicken, spinach",616.7,48,Starter
Garlic Palak Paneer,"cauliflower, egg, cashew",639.57,13,Starter
Masala Kadai Paneer,"ginger, cashew, potato, sugar, onion",399.02,44,Beverage
Chole Veg Thali,"cauliflower, tomato, cream, mushroom, nuts, saffron, butter",298.05,39,Starter
Lemon Palak Paneer,"lemon, mutton, rose water, rice, milk",607.49,43,Main Course
Gulab Malai Kofta,"nuts, rice, spinach, lentils, onion, prawn, rose water",80.98,10,Dessert
Fish Chicken Tikka Masala,"cashew, mango, garlic",287.24,12,Starter
Gulab Butter Naan,"rice, cashew, spices, yogurt, sugar, mutton, noodles",652.57,29,Combo
Mango Veg Thali,"prawn, butter, milk, noodles, cauliflower",285.35,18,Starter
Special Butter Naan,"sugar, noodles, rice",135.42,44,Non-Veg
Gulab Butter Naan,"flour, saffron, cream, yogurt, spices",190.28,22,Starter
Paneer Prawn Masala,"flour, fish, tomato, prawn, lentils",156.97,28,Dessert
Chole Gajar Halwa,"lemon, butter, spinach",116.16,8,Starter
Methi Jeera Rice,"butter, saffron, cauliflower, soy sauce, garlic, sugar, mushroom",650.77,14,Dessert
Mango Cheese Corn Balls,"fish, cashew, mushroom",155.64,47,Starter
Dal Mutton Rogan Josh,"milk, lentils, okra, potato",619.43,10,Dessert
Shahi Garlic Naan,"rice, soy sauce, chicken, butter, cauliflower, spinach",409.82,32,Starter
Chicken Dal Makhani,"spinach, rose water, saffron, capsicum, cashew",498.94,7,Veg
Kadai Veg Thali,"capsicum, butter, fish, tomato, spinach, paneer",459.53,43,Non-Veg
Butter Cold Coffee,"onion, rice, ginger",104.22,12,Starter
Prawn Papdi Chaat,"yogurt, chicken, rose water, lentils, prawn, mango",412.29,33,Main Course
Mango Gulab Jamun,"noodles, nuts, chicken, cashew",442.03,8,Bread
Gobi Mango Lassi,"lentils, onion, saffron",338.09,44,Main Course
Palak Veg Samosa,"saffron, mushroom, spices, noodles, paneer, chicken",89.3,14,Dessert
Gulab Aloo Gobi,"rice, butter, mango, mutton, onion, garlic",297.12,5,Bread
Veg Cold Coffee,"yogurt, butter, nuts, fish, cream, prawn, cauliflower",414.56,18,Dessert
Palak Mango Lassi,"okra, noodles, cream, onion",596.8,35,Non-Veg
Palak Jeera Rice,"lentils, rose water, spices, onion, lemon, noodles",146.34,50,Combo
Classic Papdi Chaat,"tomato, egg, flour, sugar, rose water",269.01,27,Non-Veg
Ras Chicken Korma,"paneer, cauliflower, saffron, mango, flour",444.84,25,Dessert
Ras Chicken Biryani,"garlic, potato, egg, cashew, lemon, sugar",663.4,36,Main Course
Methi Malai Kofta,"cream, tomato, ginger",686.65,35,Starter
Lemon Ras Malai,"rose water, mutton, flour, tomato, paneer",312.14,10,Bread
Paneer Mutton Rogan Josh,"mutton, butter, fish",247.23,28,Beverage
Aloo Paneer Tikka,"noodles, tomato, chicken, mushroom, paneer",109.84,20,Veg
Dal Paneer Tikka,"lentils, lemon, ginger, fish, butter, yogurt",84.11,15,Beverage
Gulab Chicken Tikka Masala,"capsicum, mutton, okra, onion, rice",603.13,31,Veg
Kadai Prawn Masala,"spinach, milk, onion, flour, chicken, okra",517.64,42,Main Course
Spicy Malai Kofta,"soy sauce, butter, spices, milk",280.15,8,Combo
Special Papdi Chaat,"prawn, lemon, cauliflower, mutton, cashew",600.36,12,Non-Veg
Fish Cold Coffee,"fish, tomato, garlic",453.92,9,Veg
Gobi Papdi Chaat,"flour, rice, noodles, cauliflower, sugar, mutton, spices",253.18,44,Starter
Cheese Corn Onion Bhaji,"yogurt, fish, okra, garlic",280.1,37,Veg
Dal Kheer,"tomato, noodles, rice, yogurt, okra, lentils",493.72,37,Combo
Masala Kadai Paneer,"mushroom, capsicum, fish, okra",192.7,9,Main Course
Palak Jeera Rice,"chicken, nuts, fish",329.57,44,Combo
Kadai Butter Naan,"okra, capsicum, nuts, noodles, cream, egg, soy sauce",81.04,34,Dessert
Veg Hara Bhara Kebab,"okra, tomato, sugar, fish, onion, noodles, lemon",364.47,30,Beverage
Jeera Chicken Tikka Masala,"butter, noodles, milk, rose water, cream",551.51,17,Starter
Aloo Gulab Jamun,"ginger, mushroom, soy sauce, fish, chicken",583.02,40,Main Course
Butter Fish Amritsari,"egg, noodles, fish, soy sauce, lemon, milk, cauliflower",254.42,39,Main Course
Garlic Fresh Lime Water,"noodles, spinach, paneer, spices, lemon, cashew",140.58,50,Dessert
Jeera Chicken Biryani,"noodles, nuts, milk, saffron, cauliflower",138.83,8,Starter
Chicken Cold Coffee,"lemon, butter, spices",565.78,30,Dessert
Cheese Corn Fresh Lime Water,"fish, cream, ginger, capsicum, flour",494.84,28,Veg
Garlic Aloo Gobi,"mushroom, chicken, spinach, butter, cauliflower, lemon",275.23,49,Veg
Butter Hara Bhara Kebab,"okra, onion, rose water, cashew, mushroom, lemon, paneer",672.64,38,Dessert
Palak Hara Bhara Kebab,"milk, rice, mango, chicken, yogurt, lemon",305.54,50,Combo
Gulab Fish Amritsari,"cashew, mutton, cream, egg, noodles, fish, rice",330.81,16,Non-Veg
Hara Bhara Ras Malai,"paneer, tomato, rice, spices, rose water",567.66,21,Main Course
Butter Dal Makhani,"mutton, lentils, paneer, milk",630.67,45,Dessert
Jeera Palak Paneer,"spices, saffron, chicken, onion, paneer, rose water",515.62,5,Veg
Garlic Cold Coffee,"spices, mushroom, rice, capsicum, lentils",222.18,29,Dessert
Garlic Paneer Tikka,"capsicum, butter, rice, spices",624.25,5,Bread
Mango Chicken Biryani,"fish, egg, mango, capsicum, okra",92.55,27,Beverage
Fish Hara Bhara Kebab,"cauliflower, chicken, nuts, capsicum, milk, yogurt, lemon",314.61,45,Non-Veg
Spicy Butter Naan,"rice, milk, mutton, saffron",249.53,33,Bread
Gulab Malai Kofta,"prawn, potato, egg, nuts, flour, cauliflower, sugar",260.69,24,Main Course
Spicy Hara Bhara Kebab,"paneer, milk, potato, fish, mango",254.3,26,Dessert
Palak Hara Bhara Kebab,"fish, egg, flour, mushroom, lemon, saffron",537.63,27,Dessert
Kadai Cheese Corn Balls,"soy sauce, ginger, okra, fish, onion, flour",151.32,50,Main Course
Mutton Mango Lassi,"cream, lentils, paneer, tomato, egg",676.3,14,Dessert
Kadai Gulab Jamun,"egg, butter, tomato",235.36,14,Bread
Spicy Egg Curry,"spinach, cream, spices, lemon, flour, cashew",105.76,11,Beverage
Methi Fish Amritsari,"flour, spices, cashew",676.35,29,Veg
Palak Mutton Rogan Josh,"rice, capsicum, soy sauce, chicken, milk",341.56,38,Non-Veg
Hara Bhara Butter Naan,"spinach, chicken, cauliflower, okra, spices, milk",625.46,21,Dessert
Malai Hara Bhara Kebab,"spinach, mango, fish, cauliflower, ginger",246.31,32,Starter
Paneer Malai Kofta,"mango, onion, garlic",358.35,32,Combo
Lemon Paneer Butter Masala,"soy sauce, fish, mutton, spinach, nuts, prawn, tomato",397.91,49,Dessert
Paneer Kadai Paneer,"sugar, cream, egg, soy sauce, butter, rose water",432.06,19,Dessert
Lemon Ras Malai,"paneer, cream, yogurt, rice",86.03,33,Starter
Jeera Garlic Naan,"cauliflower, ginger, spinach",465.6,28,Combo
Masala Onion Bhaji,"onion, potato, flour, spinach",332.67,48,Combo
Aloo Mango Lassi,"soy sauce, cream, milk, spices",594.23,12,Starter
Chole Chicken Biryani,"sugar, onion, chicken, okra",401.97,44,Starter
Veg Chole Bhature,"capsicum, egg, spices, sugar",436.51,40,Dessert
Paneer Onion Bhaji,"capsicum, garlic, rice, cream, sugar",343.26,23,Bread
Special Veg Samosa,"flour, rose water, spices, cashew, saffron",294.06,11,Non-Veg
Garlic Veg Samosa,"egg, sugar, soy sauce",682.33,40,Dessert
Veg Butter Chicken,"tomato, cashew, butter, sugar",505.51,49,Non-Veg
Fish Papdi Chaat,"nuts, cauliflower, tomato, cream",90.14,13,Bread
Prawn Palak Paneer,"fish, butter, garlic",224.59,9,Bread
Chicken Chicken Korma,"nuts, egg, noodles, potato, cashew, capsicum",664.37,16,Bread
Paneer Malai Kofta,"sugar, prawn, egg",392.13,40,Bread
Masala Chicken Korma,"ginger, mushroom, paneer, mutton",92.85,15,Dessert
Lemon Egg Curry,"saffron, chicken, yogurt, soy sauce, ginger",143.5,17,Beverage
Paneer Prawn Masala,"fish, egg, yogurt, cauliflower, spinach, spices",358.15,12,Veg
Aloo Cheese Corn Balls,"egg, spinach, saffron, mushroom",118.3,7,Veg
Garlic Onion Bhaji,"paneer, spices, spinach",80.78,32,Starter
Jeera Prawn Masala,"nuts, mushroom, capsicum, flour, ginger",383.73,35,Bread
Mutton Malai Kofta,"noodles, flour, garlic, lentils, saffron, rice",83.88,33,Combo
Spicy Prawn Masala,"noodles, sugar, egg, nuts",455.81,41,Starter
Palak Mango Lassi,"spices, onion, mango, prawn, rice, potato, milk",503.41,22,Non-Veg
Veg Dal Makhani,"milk, mutton, cream, lemon",108.49,39,Combo
Masala Paneer Butter Masala,"tomato, butter, fish, soy sauce, cauliflower",328.3,49,Veg
Chole Chicken Tikka Masala,"yogurt, soy sauce, chicken, saffron, nuts, spinach, fish",219.65,11,Non-Veg
Palak Chicken Tikka Masala,"spices, lentils, cream, nuts, rice, mango",589.2,45,Non-Veg
Malai Chicken Korma,"prawn, mango, noodles, nuts",514.28,8,Dessert
Prawn Egg Curry,"nuts, ginger, noodles",90.01,41,Beverage
Shahi Dal Makhani,"paneer, lemon, cashew, tomato, capsicum, garlic",363.23,40,Combo
Hara Bhara Gajar Halwa,"cream, rice, tomato, butter, flour, milk",452.27,38,Bread
Lemon Chicken Biryani,"tomato, mutton, egg",412.69,43,Bread
Special Mango Lassi,"chicken, ginger, egg",388.29,24,Bread
Hara Bhara Paneer Butter Masala,"saffron, prawn, cream, tomato, okra, potato",391.91,35,Starter
Spicy Gulab Jamun,"fish, nuts, garlic, prawn, mushroom, butter, mango",472.28,23,Starter
Malai Mutton Rogan Josh,"cauliflower, ginger, butter, tomato",140.24,24,Dessert
Ras Fresh Lime Water,"cashew, ginger, yogurt, chicken",425.09,22,Bread
Chole Cheese Corn Balls,"yogurt, flour, onion, prawn",543.43,18,Bread
Malai Dal Makhani,"noodles, cream, potato, rice",688.74,20,Beverage
Hara Bhara Veg Thali,"garlic, egg, noodles",214.55,18,Main Course
Classic Paneer Tikka,"rice, butter, chicken, fish, mutton",252.79,27,Combo
Paneer Chicken Tikka Masala,"cashew, potato, prawn, lentils, egg",214.24,20,Beverage
Mango Fish Amritsari,"lemon, capsicum, milk",564.75,49,Dessert
Mutton Mutton Rogan Josh,"paneer, flour, egg, ginger, noodles, prawn, cashew",119.15,50,Combo
Mutton Ras Malai,"fish, paneer, mushroom, saffron",220.99,39,Non-Veg
Paneer Paneer Butter Masala,"cream, mutton, spices, tomato, fish, flour",637.74,31,Veg