Spicy Cheese Corn Balls,"spinach, paneer, cream, garlic",100.04,35,Main Course
Classic Chicken Korma,"chicken, butter, cream, tomato, spices",631.98,44,Non-Veg
Veg Samosa,"fish, tomato, onion, spices",148.64,42,Main Course
Creamy Chicken Korma,"okra, onion, tomato, garlic",341.52,14,Beverage
Tandoori Paneer Tikka,"paneer, butter, cream, tomato, onion",160.06,34,Combo
Spicy Veg Pulao,"noodles, vegetables, soy sauce",253.51,40,Veg
Classic Hara Bhara Kebab,"chicken, butter, cream, tomato, spices",430.07,19,Starter
Chicken Tikka,"okra, onion, tomato, garlic",616.91,6,Non-Veg
Classic Veg Samosa,"rice, yogurt, spices, saffron",316.01,21,Combo
Spicy Dal Makhani,"paneer, butter, cream, tomato, onion",384.64,42,Starter
Special Hara Bhara Kebab,"egg, onion, tomato, spices",410.74,7,Combo
Tandoori Hara Bhara Kebab,"chicken, rice, yogurt, spices",312.48,6,Starter
Special Gajar Halwa,"lentils, butter, cream, tomato",637.71,27,Dessert
Creamy Veg Samosa,"chicken, butter, cream, tomato, spices",293.45,40,Beverage
Creamy Aloo Gobi,"flour, garlic, butter",285.54,14,Beverage
Tandoori Veg Thali,"fish, tomato, onion, spices",383.09,20,Combo
Gulab Jamun,"chicken, butter, cream, tomato, spices",603.1,15,Dessert
Onion Bhaji,"flour, garlic, butter",603.0,22,Combo
Tandoori Papdi Chaat,"mango, yogurt, sugar",374.16,13,Veg
Creamy Gajar Halwa,"mushroom, capsicum, onion, garlic",454.34,34,Dessert
Special Palak Paneer,"rice, yogurt, spices, saffron",555.12,34,Combo
Special Non-Veg Thali,"mushroom, capsicum, onion, garlic",133.57,45,Combo
Tandoori Veg Pulao,"mango, yogurt, sugar",186.07,34,Main Course
Special Veg Thali,"flour, garlic, butter",617.13,14,Combo
Tandoori Chicken Vindaloo,"milk, sugar, rose water",463.51,11,Non-Veg
Mushroom 65,"chicken, rice, yogurt, spices",230.42,20,Beverage
Spicy Fresh Lime Water,"okra, onion, tomato, garlic",634.98,23,Non-Veg
Spicy Lemon Soda,"noodles, vegetables, soy sauce",285.33,14,Beverage
Veg Thali,"rice, yogurt, spices, saffron",387.67,23,Combo
Chicken Malai Tikka,"potato, cauliflower, spices",258.68,17,Starter
Special Chicken Tikka Masala,"chicken, butter, cream, tomato, spices",515.18,8,Non-Veg
Classic Mushroom 65,"okra, onion, tomato, garlic",608.26,8,Combo
Tandoori Masala Chai,"mushroom, capsicum, onion, garlic",235.46,15,Beverage
Special Hara Bhara Kebab,"rice, yogurt, spices, saffron",325.5,23,Beverage
Classic Green Tea,"potato, cauliflower, spices",472.4,19,Beverage
Tandoori Egg Curry,"potato, cauliflower, spices",490.03,33,Non-Veg
Classic Tandoori Platter,"noodles, vegetables, soy sauce",338.91,13,Combo
Special Mix Veg,"mushroom, capsicum, onion, garlic",401.72,32,Non-Veg
Tandoori Mini Thali,"rice, yogurt, spices, saffron",105.05,23,Combo
Special Dal Makhani,"rice, yogurt, spices, saffron",360.34,5,Non-Veg
Hara Bhara Kebab,"chicken, rice, yogurt, spices",279.99,5,Veg
Tandoori Gajar Halwa,"okra, onion, tomato, garlic",625.5,35,Dessert
Tandoori Kadai Paneer,"paneer, butter, cream, tomato, onion",114.23,26,Dessert
Special Aloo Jeera,"noodles, vegetables, soy sauce",288.22,7,Main Course
Special Green Tea,"chicken, butter, cream, tomato, spices",304.44,7,Beverage
Special Chicken Vindaloo,"mango, yogurt, sugar",263.04,25,Beverage
Rose Milk,"chicken, butter, cream, tomato, spices",363.76,42,Beverage
Tandoori Palak Paneer,"noodles, vegetables, soy sauce",362.21,22,Beverage
Tandoori Jalebi,"egg, onion, tomato, spices",232.23,21,Dessert
Special Aloo Jeera,"chicken, butter, cream, tomato, spices",558.55,19,Beverage
Classic Fruit Custard,"chicken, rice, yogurt, spices",399.34,12,Main Course
Spicy Mutton Rogan Josh,"chicken, rice, yogurt, spices",318.33,41,Main Course
Spicy Cheese Corn Balls,"spinach, paneer, cream, garlic",100.04,35,Main Course
Classic Chicken Korma,"chicken, butter, cream, tomato, spices",631.98,44,Non-Veg
Veg Samosa,"fish, tomato, onion, spices",148.64,42,Main Course
Creamy Chicken Korma,"okra, onion, tomato, garlic",341.52,14,Beverage
Tandoori Paneer Tikka,"paneer, butter, cream, tomato, onion",160.06,34,Combo
Spicy Veg Pulao,"noodles, vegetables, soy sauce",253.51,40,Veg
Classic Hara Bhara Kebab,"chicken, butter, cream, tomato, spices",430.07,19,Starter
Chicken Tikka,"okra, onion, tomato, garlic",616.91,6,Non-Veg
Classic Veg Samosa,"rice, yogurt, spices, saffron",316.01,21,Combo
Spicy Dal Makhani,"paneer, butter, cream, tomato, onion",384  .64,42,Starter
Special Hara Bhara Kebab,"egg, onion, tomato, spices",410.74,7,Combo
Tandoori Hara Bhara Kebab,"chicken, rice, yogurt, spices",  312.48,6,Starter                    
Special Gajar Halwa,"lentils, butter, cream, tomato",637.71,27,Dessert
Creamy Veg Samosa,"chicken, butter, cream, tomato, spices",293.45,40,Beverage
Creamy Aloo Gobi,"flour, garlic, butter",285.54,14,Beverage
Tandoori Veg Thali,"fish, tomato, onion, spices",383.09,20,Combo
Gulab Jamun,"chicken, butter, cream, tomato, spices",603.1,15,Dessert
Onion Bhaji,"flour, garlic, butter",603.0,22,Combo   
Tandoori Papdi Chaat,"mango, yogurt, sugar",374.16,13,Veg
Creamy Gajar Halwa,"mushroom, capsicum, onion, garlic",454  .34,34,Dessert
Special Palak Paneer,"rice, yogurt, spices, saffron",555.12,34,Combo
Special Non-Veg Thali,"mushroom, capsicum, onion, garlic",133.57,45,Combo
Tandoori Veg Pulao,"mango, yogurt, sugar",186.07,34,Main Course
Special Veg Thali,"flour, garlic, butter",617.13,14,Combo
Tandoori Chicken Vindaloo,"milk, sugar, rose water",463.51,11,Non-Veg
Mushroom 65,"chicken, rice, yogurt, spices",230.42,20,Beverage
Spicy Fresh Lime Water,"okra, onion, tomato, garlic",634.98,23,Non-Veg
Spicy Lemon Soda,"noodles, vegetables, soy sauce",285.33,14,Beverage
Veg Thali,"rice, yogurt, spices, saffron",387.67,23,Combo
Chicken Malai Tikka,"potato, cauliflower, spices",258.68,17,Starter
Special Chicken Tikka Masala,"chicken, butter, cream, tomato, spices",515.18,8,Non-Veg
Classic Mushroom 65,"okra, onion, tomato, garlic",608.26,8,Combo
Tandoori Masala Chai,"mushroom, capsicum, onion, garlic",235.46,15,Beverage
Special Hara Bhara Kebab,"rice, yogurt, spices, saffron",325.5,23,Beverage
Classic Green Tea,"potato, cauliflower, spices",472.4,19,Beverage
Tandoori Egg Curry,"potato, cauliflower, spices",490.03,33,Non-Veg
Classic Tandoori Platter,"noodles, vegetables, soy sauce",338.91,13,Combo
Special Mix Veg,"mushroom, capsicum, onion, garlic",401.72,32,Non-Veg
Tandoori Mini Thali,"rice, yogurt, spices, saffron",105.05,23,Combo
Special Dal Makhani,"rice, yogurt, spices, saffron",360.34,5,Non-Veg
Hara Bhara Kebab,"chicken, rice, yogurt, spices",279.99,5,Veg
Tandoori Gajar Halwa,"okra, onion, tomato, garlic",625.5,35,Dessert
Tandoori Kadai Paneer,"paneer, butter, cream, tomato, onion",114.23,26,Dessert
Special Aloo Jeera,"noodles, vegetables, soy sauce",288.22,7,Main Course
Special Green Tea,"chicken, butter, cream, tomato, spices",304.44,7,Beverage
Special Chicken Vindaloo,"mango, yogurt, sugar",263.04,25,Beverage
Rose Milk,"chicken, butter, cream, tomato, spices",363.76,42,Beverage
Tandoori Palak Paneer,"noodles, vegetables, soy sauce",362.21,22,Beverage
Tandoori Jalebi,"egg, onion, tomato, spices",232.23,21,Dessert
Special Aloo Jeera,"chicken, butter, cream, tomato, spices",558.55,19,Beverage
Classic Fruit Custard,"chicken, rice, yogurt, spices",399.34,12,Main Course
Spicy Mutton Rogan Josh,"chicken, rice, yogurt, spices",318.33,41,Main Course
Butter Milk,"egg, spices, rice",191.31,17,Beverage
Chana Masala,"egg, paneer, garlic, noodles, spinach",621.03,9,Veg
Dal Tadka,"cashew, yogurt, lentils",442.92,20,Veg
Badam Halwa,"okra, rice, tomato, mango, sugar",448.38,38,Dessert
Aloo Gobi,"potato, mango, cashew, butter, paneer, noodles",348.11,19,Veg
Aloo Gobi,"sugar, yogurt, paneer, rice",204.13,17,Veg
Fruit Custard,"cashew, rose water, noodles, paneer, garlic, chicken",527.71,42,Dessert
Lemon Soda,"cream, garlic, rose water",358.55,5,Beverage
Dinner Special,"milk, onion",151.29,22,Combo
Fish Amritsari,"paneer, spinach, cashew",379.67,5,Non-Veg
Lemon Soda,"egg, chicken, spices, okra, onion, lentils",289.73,17,Beverage
Paneer Tikka,"rose water, butter, fish, capsicum, garlic, onion",442.19,44,Starter
Ras Malai,"milk, spices, lentils",114.7,31,Dessert
Mutton Rogan Josh,"capsicum, garlic, potato",218.26,30,Non-Veg
Badam Halwa,"spices, mushroom, garlic, rice",351.58,15,Dessert
Cold Coffee,"paneer, egg, milk, noodles, mushroom, potato",631.15,33,Beverage
Fish Amritsari,"butter, lentils, sugar",88.77,7,Non-Veg
Jalebi,"paneer, cauliflower, chicken, yogurt",412.99,23,Dessert
Ras Malai,"chicken, cream",87.49,16,Dessert
Badam Milk,"mushroom, butter, yogurt, cream, sugar",197.71,18,Beverage
Family Combo,"noodles, flour, rice, capsicum",479.86,35,Combo
Butter Milk,"garlic, onion, sugar, butter",142.36,34,Beverage
Tandoori Platter,"fish, okra, rice",314.17,15,Combo
Vegetable Korma,"paneer, spinach, noodles, mango, cauliflower",346.42,25,Veg
Green Tea,"yogurt, rice, capsicum, garlic, rose water",535.62,20,Beverage
Mushroom Masala,"cashew, milk, garlic, capsicum",648.93,25,Veg
Fresh Lime Water,"noodles, paneer",546.24,27,Beverage
Mushroom Masala,"cashew, cream, spices, mushroom, lentils",253.52,22,Veg
Mushroom Masala,"egg, noodles, rose water, mushroom",499.32,19,Veg
Papdi Chaat,"cream, sugar",174.48,42,Main Course
Butter Chicken,"okra, paneer",617.0,37,Non-Veg
Onion Bhaji,"garlic, mushroom, flour",466.71,40,Main Course
Butter Chicken,"fish, milk, garlic, butter, cream",146.66,17,Non-Veg
Methi Malai Paneer,"butter, potato, lentils, yogurt, cashew",435.96,31,Veg
Aloo Jeera,"cauliflower, flour, spices, tomato",341.53,20,Veg
Chicken Biryani,"mushroom, sugar",423.66,12,Non-Veg
Veg Thali,"tomato, cauliflower",413.96,42,Veg
Gulab Jamun,"butter, sugar, lentils, potato, onion, chicken",469.75,18,Dessert
Papdi Chaat,"butter, egg, rose water, cauliflower, cream, onion",372.04,14,Main Course
Prawn Masala,"paneer, mango, garlic",512.06,9,Non-Veg
Mango Kulfi,"mango, spinach, onion, noodles, cashew",519.08,17,Dessert
Jeera Rice,"sugar, okra, paneer, mango, flour, capsicum",231.31,17,Main Course
Egg Curry,"capsicum, cream, fish, garlic, tomato, mushroom",106.77,30,Non-Veg
Fresh Lime Water,"capsicum, flour, tomato",86.56,16,Beverage
Mix Veg,"flour, rose water",117.44,37,Veg
Mutton Rogan Josh,"chicken, onion",585.25,15,Non-Veg
Fresh Lime Water,"flour, lentils, yogurt",386.35,28,Beverage
Kadai Paneer,"onion, noodles, capsicum",181.67,22,Veg
Dal Tadka,"sugar, noodles, milk, yogurt, chicken, butter",591.56,26,Veg
Chicken Tikka,"potato, rice, garlic, capsicum",268.47,13,Non-Veg
Mango Kulfi,"yogurt, spices",289.25,9,Dessert
Egg Curry,"okra, cream, mushroom, tomato",639.48,34,Non-Veg
Ras Malai,"rice, capsicum, paneer, spices",331.05,34,Dessert
Jeera Rice,"onion, fish",186.61,44,Main Course
Veg Samosa,"sugar, milk, cashew, spinach, paneer, yogurt",230.75,5,Veg
Chicken 65,"egg, tomato, spinach, milk, sugar, cauliflower",594.92,29,Non-Veg
Paneer Pakora,"okra, yogurt, mushroom, garlic, rice, chicken",406.74,33,Veg
Paneer Do Pyaza,"egg, fish, capsicum, potato, garlic",255.37,15,Veg
Hara Bhara Kebab,"tomato, capsicum",510.03,14,Main Course
Fresh Lime Water,"capsicum, sugar",197.51,42,Beverage
Mango Kulfi,"rice, cashew",296.3,11,Dessert
Dal Tadka,"fish, noodles, rice, egg, spices, flour",357.32,21,Veg
Chicken Biryani,"fish, okra",314.35,9,Non-Veg
Chicken Tikka Masala,"egg, rice, lentils, tomato, mushroom, paneer",503.95,35,Non-Veg
Dal Makhani,"cashew, rice, tomato, fish, sugar",485.13,38,Veg
Aloo Jeera,"fish, cashew",223.58,16,Veg
Paneer Do Pyaza,"noodles, sugar",247.6,16,Veg
Cheese Corn Balls,"butter, mushroom, chicken, rice",322.31,31,Main Course
Fresh Lime Water,"rice, onion",460.33,41,Beverage
Mini Thali,"spices, cauliflower, tomato, capsicum, yogurt",410.47,26,Combo
Mix Veg,"chicken, cauliflower, rice",494.89,32,Veg
Chana Masala,"egg, chicken, spices, rice, mango, cashew",617.34,24,Veg
Hot Coffee,"yogurt, egg, lentils, cauliflower, okra, garlic",323.88,11,Beverage
Methi Malai Paneer,"butter, garlic",637.74,18,Veg
Papdi Chaat,"milk, mango",567.93,35,Main Course
Jeera Rice,"spices, garlic, okra, potato, spinach, butter",329.15,26,Main Course
Paneer Tikka,"egg, fish, cream, yogurt",494.31,24,Starter
Non-Veg Thali,"capsicum, rice, fish, butter, cashew, chicken",248.93,12,Veg
Cold Coffee,"cream, egg, rose water",613.1,34,Beverage
Fish Curry,"okra, capsicum",133.04,17,Non-Veg
Chana Masala,"mushroom, yogurt, spices, potato, milk",347.33,22,Veg
Rice Pudding,"okra, cashew, spinach, mango",513.3,16,Main Course
Mini Thali,"spices, fish, noodles, sugar, egg",374.66,20,Combo
Prawn Masala,"mango, noodles",582.35,8,Non-Veg
Chocolate Brownie,"spices, garlic, lentils",401.98,29,Dessert
Butter Chicken,"okra, capsicum",649.78,44,Non-Veg
Malai Kofta,"okra, cashew, rose water, lentils",522.94,23,Main Course
Jeera Rice,"mango, spices, garlic, egg, mushroom, cashew",446.8,15,Main Course
Chicken Biryani,"chicken, rose water, onion, yogurt, paneer, rice",309.03,32,Non-Veg
Chicken 65,"okra, chicken, paneer, capsicum",558.53,26,Non-Veg
Palak Paneer,"capsicum, cauliflower, egg, fish",194.83,6,Veg
Kheer,"spinach, sugar",210.45,23,Dessert
Veg Samosa,"spinach, okra, yogurt, mango",241.89,18,Veg
Ras Malai,"chicken, yogurt",196.3,34,Dessert
Tandoori Chicken,"noodles, milk, flour, onion, capsicum, rice",127.51,25,Non-Veg
Papdi Chaat,"sugar, spinach, potato, flour, mushroom, cream",594.66,38,Main Course
Chilli Paneer,"cashew, mango, okra, potato, mushroom, butter",448.79,26,Veg
Mushroom 65,"fish, okra, spices, lentils, onion",556.96,25,Veg
Malai Kofta,"milk, onion, butter, potato, cashew, egg",430.45,7,Main Course
Green Tea,"cream, flour, rose water",579.73,6,Beverage
Mutton Rogan Josh,"mango, cauliflower, yogurt, spinach, potato",181.12,20,Non-Veg
Fruit Custard,"cauliflower, chicken, cream, spices, paneer",633.48,12,Dessert
Mango Kulfi,"cashew, flour, okra, milk, rice, paneer",398.72,12,Dessert
Aloo Jeera,"mushroom, onion, capsicum, paneer",516.17,27,Veg
Chana Masala,"noodles, tomato, okra, chicken, paneer",405.56,12,Veg
Fish Amritsari,"spices, potato, fish, rice, tomato",522.99,6,Non-Veg
Dinner Special,"cauliflower, rice, garlic, fish, mango",603.93,27,Combo
Mini Thali,"rice, rose water",396.88,8,Combo
Palak Paneer,"butter, cauliflower, potato",131.55,22,Veg
Tandoori Platter,"mushroom, spices, spinach, butter",529.15,24,Combo
Chana Masala,"rose water, spinach, yogurt, mushroom",114.26,31,Veg
Veg Thali,"spinach, milk",630.89,29,Veg
Cheese Corn Balls,"cauliflower, cashew, lentils",303.89,5,Main Course
Chicken Tikka,"rice, chicken",459.3,32,Non-Veg
Cheese Corn Balls,"mushroom, spinach, fish, yogurt, rice",336.49,37,Main Course
Methi Malai Paneer,"egg, paneer, fish, mushroom",647.37,42,Veg
Chicken Tikka,"sugar, potato, chicken",328.66,20,Non-Veg
Chicken Vindaloo,"mushroom, cream, chicken, capsicum, mango",486.89,29,Non-Veg
Fish Curry,"mushroom, paneer, spinach, rose water, egg",640.85,9,Non-Veg
Masala Chai,"sugar, paneer, noodles, mushroom, potato, chicken",399.0,10,Beverage
Jalebi,"noodles, spices, onion, fish, tomato",173.1,42,Dessert
Palak Paneer,"lentils, paneer, cauliflower, potato",364.96,12,Veg
Chicken 65,"rice, capsicum, flour",459.03,28,Non-Veg
Vegetable Korma,"egg, spices, spinach, okra",182.09,9,Veg
Paneer Tikka,"cream, mushroom, butter, flour, egg",457.55,21,Starter
Fruit Custard,"butter, tomato, mango, mushroom",521.47,38,Dessert
Tandoori Chicken,"cauliflower, sugar, mushroom, cream",135.97,29,Non-Veg
Dal Makhani,"tomato, flour, mushroom, spinach, capsicum",352.0,16,Veg
Dinner Special,"cream, fish, rice, noodles",250.01,29,Combo
Gulab Jamun,"milk, spinach, cashew, okra",638.21,10,Dessert
Veg Thali,"mango, lentils, onion",377.29,29,Veg
Palak Paneer,"mushroom, rose water",323.36,20,Veg
Papdi Chaat,"chicken, paneer, mango, yogurt",106.0,35,Main Course
Rose Milk,"flour, garlic, okra",391.57,17,Beverage
Bhindi Masala,"rice, onion, spices",112.36,11,Veg
Fish Amritsari,"tomato, capsicum, garlic",287.7,6,Non-Veg
Mini Thali,"spices, chicken",238.92,28,Combo
Fish Amritsari,"butter, spices, cashew, fish, potato, lentils",579.7,21,Non-Veg
Kheer,"potato, lentils, chicken, mango",625.03,6,Dessert
Kadai Paneer,"rice, paneer, cashew",580.43,15,Veg
Onion Bhaji,"mushroom, mango, capsicum",201.76,11,Main Course
Fresh Lime Water,"sugar, butter",561.71,19,Beverage
Veg Samosa,"butter, mango, yogurt, onion",463.13,28,Veg
Fish Amritsari,"egg, cauliflower, rice, tomato, garlic, rose water",374.92,8,Non-Veg
Shahi Paneer,"tomato, butter",329.33,18,Veg
Tandoori Chicken,"butter, mushroom, spinach, milk",612.26,10,Non-Veg
Egg Curry,"paneer, spices",532.22,40,Non-Veg
Butter Chicken,"mango, paneer",445.02,13,Non-Veg
Rose Milk,"spices, onion, egg, okra",575.32,34,Beverage
Malai Kofta,"potato, okra, garlic",280.25,21,Main Course
Ras Malai,"rice, mushroom, cashew, okra, chicken",117.07,12,Dessert
Veg Samosa,"rice, cashew, potato",120.04,11,Veg
Cheese Corn Balls,"yogurt, okra, rose water, mushroom",121.52,21,Main Course
Gajar Halwa,"rice, cauliflower, fish, flour, mushroom",223.11,34,Dessert
Prawn Masala,"mushroom, potato",322.73,39,Non-Veg
Chicken 65,"garlic, spices, cream, fish, lentils, spinach",173.0,26,Non-Veg
Rice Pudding,"cashew, noodles, tomato, yogurt",100.0,31,Main Course
Hara Bhara Kebab,"rose water, egg, cauliflower, tomato, capsicum, okra",349.95,13,Main Course
Fish Amritsari,"rice, lentils, flour, paneer, milk",519.05,39,Non-Veg
Bhindi Masala,"spices, noodles",253.82,33,Veg
Dal Tadka,"garlic, flour, egg, sugar, rose water, paneer",182.83,28,Veg
Family Combo,"spices, cashew",133.18,35,Combo
Mutton Rogan Josh,"cauliflower, lentils, cream",250.91,13,Non-Veg
Dal Makhani,"tomato, noodles",365.57,27,Veg
Mango Kulfi,"egg, noodles, chicken, butter, mushroom",295.33,17,Dessert
Mutton Rogan Josh,"noodles, okra, rice",85.32,23,Non-Veg
Lemon Soda,"yogurt, spinach, paneer, cashew, fish",335.8,9,Beverage
Mushroom 65,"yogurt, lentils",632.06,28,Veg
Executive Lunch,"cream, milk, butter, sugar, garlic",642.0,45,Combo
Jalebi,"paneer, rose water, sugar",503.47,14,Dessert
Butter Milk,"cauliflower, sugar",514.96,45,Beverage
Cheese Corn Balls,"cauliflower, cashew, lentils",303.89,5,Main Course
Chocolate Brownie,"mushroom, spinach, flour",440.58,5,Dessert
Hara Bhara Kebab,"milk, butter, chicken",284.05,40,Main Course
Paneer Butter Masala,"lentils, spices, mango",512.72,29,Veg
Ras Malai,"sugar, rice",613.86,18,Dessert
Lemon Soda,"spices, fish, noodles, mango, rose water",440.21,9,Beverage
Aloo Jeera,"onion, cream, egg, fish",489.02,28,Veg
Onion Bhaji,"okra, noodles, paneer, tomato",140.29,43,Main Course
Butter Chicken,"okra, capsicum, sugar",380.55,41,Non-Veg
Paneer Do Pyaza,"flour, tomato",109.36,20,Veg
Mango Lassi,"rice, flour, chicken, fish",138.82,25,Beverage
Tandoori Chicken,"potato, milk",428.06,36,Non-Veg
Veg Samosa,"noodles, sugar, butter, capsicum, yogurt",218.18,14,Veg
Aloo Gobi,"capsicum, cream, onion, egg, rice",624.83,17,Veg
Palak Paneer,"yogurt, lentils, cashew, onion",250.76,10,Veg
Kheer,"potato, fish, sugar, rose water",293.71,38,Dessert
Hara Bhara Kebab,"butter, milk, lentils, spices, cashew, sugar",522.29,29,Main Course
Mutton Rogan Josh,"noodles, okra, rice",85.32,23,Non-Veg
Lemon Soda,"yogurt, spinach, paneer, cashew, fish",335.8,9,Beverage
Mushroom 65,"yogurt, lentils",632.06,28,Veg
Executive Lunch,"cream, milk, butter, sugar, garlic",642.0,45,Combo
Jalebi,"paneer, rose water, sugar",503.47,14,Dessert
Butter Milk,"cauliflower, sugar",514.96,45,Beverage
Cheese Corn Balls,"cauliflower, cashew, lentils",303.89,5,Main Course
Chocolate Brownie,"mushroom, spinach, flour",440.58,5,Dessert
Hara Bhara Kebab,"milk, butter, chicken",284.05,40,Main Course
Paneer Butter Masala,"lentils, spices, mango",512.72,29,Veg
Ras Malai,"sugar, rice",613.86,18,Dessert
Lemon Soda,"spices, fish, noodles, mango, rose water",440.21,9,Beverage
Aloo Jeera,"onion, cream, egg, fish",489.02,28,Veg
Onion Bhaji,"okra, noodles, paneer, tomato",140.29,43,Main Course
Butter Chicken,"okra, capsicum, sugar",380.55,41,Non-Veg
Paneer Do Pyaza,"flour, tomato",109.36,20,Veg
Mango Lassi,"rice, flour, chicken, fish",138.82,25,Beverage
Tandoori Chicken,"potato, milk",428.06,36,Non-Veg
Veg Samosa,"noodles, sugar, butter, capsicum, yogurt",218.18,14,Veg
Aloo Gobi,"capsicum, cream, onion, egg, rice",624.83,17,Veg
Palak Paneer,"yogurt, lentils, cashew, onion",250.76,10,Veg
Kheer,"potato, fish, sugar, rose water",293.71,38,Dessert
Hara Bhara Kebab,"butter, milk, lentils, spices, cashew, sugar",522.29,29,Main Course
Mutton Rogan Josh,"noodles, okra, rice",85.32,23,Non-Veg
Lemon Soda,"yogurt, spinach, paneer, cashew, fish",335.8,9,Beverage
Mushroom 65,"yogurt, lentils",632.06,28,Veg
Executive Lunch,"cream, milk, butter, sugar, garlic",642.0,45,Combo
Jalebi,"paneer, rose water, sugar",503.47,14,Dessert
Butter Milk,"cauliflower, sugar",514.96,45,Beverage
Cheese Corn Balls,"cauliflower, cashew, lentils",303.89,5,Main Course
Chocolate Brownie,"mushroom, spinach, flour",440.58,5,Dessert
Hara Bhara Kebab,"milk, butter, chicken",284.05,40,Main Course
Paneer Butter Masala,"lentils, spices, mango",512.72,29,Veg
Ras Malai,"sugar, rice",613.86,18,Dessert
Lemon Soda,"spices, fish, noodles, mango, rose water",440.21,9,Beverage
Aloo Jeera,"onion, cream, egg, fish",489.02,28,Veg
Onion Bhaji,"okra, noodles, paneer, tomato",140.29,43,Main Course
Butter Chicken,"okra, capsicum, sugar",380.55,41,Non-Veg
Paneer Do Pyaza,"flour, tomato",109.36,20,Veg
Mango Lassi,"rice, flour, chicken, fish",138.82,25,Beverage
Tandoori Chicken,"potato, milk",428.06,36,Non-Veg
Veg Samosa,"noodles, sugar, butter, capsicum, yogurt",218.18,14,Veg
Aloo Gobi,"capsicum, cream, onion, egg, rice",624.83,17,Veg
Palak Paneer,"yogurt, lentils, cashew, onion",250.76,10,Veg
Kheer,"potato, fish, sugar, rose water",293.71,38,Dessert
Hara Bhara Kebab,"butter, milk, lentils, spices, cashew, sugar",522.29,29,Main Course
Fresh Lime Water,"qubani ka meetha, star anise, strawberry, paneer bhurji, besan",123.8,12,Veg
Pongal,"lucknowi biryani, lemon, syrup, semolina",301.62,13,Veg
Goan Achari Tikka,"oats, turmeric, dum biryani, coriander leaves, pomegranate",353.73,32,Veg
Aromatic Non-Veg Thali,"star anise, paratha, pachadi, cashew",375.54,38,Veg
Uttapam,"asafoetida, naan, cheddar, elaichi, paratha, milk",420.06,23,Veg
Gobi Paratha,"tehari, pasta, strawberry",286.36,15,Veg
Lunch Special,"broccoli, rasam, ragi idli, milk, double ka meetha",544.63,45,Veg
Mango Lassi,"balushahi, orange blossom water, corn, qubani ka meetha",516.3,28,Veg
Paneer Korma,"ghee rice, veg biryani, khoya",583.77,47,Veg
Paneer Butter Masala,"flour, vermicelli, kaalan, tomato rice, orange blossom water, black pepper",156.6,15,Veg
Fragrant Hariyali Paneer,"malai, kidney beans, sugar, chakli, noodles",685.82,10,Veg
Green Tea,"mutton biryani, broccoli, bisi bele bath, moru curry, asafoetida, okra",355.96,42,Veg
Badam Halwa,"poornam, imarti, kichadi, dindigul biryani",358.82,32,Veg
Daily Ice Cream,"kewra water, cornflour, green gram",67.15,32,Veg
Chaas,"chicken biryani, custard powder, coconut rice, noodles, sheera",373.02,23,Veg
Claypot Seekh Kebab,"patisa, flour, coconut rice, cinnamon, meat masala",316.33,38,Veg
Gulab Jamun with Ice Cream,"lentil, cashew, malai, curd rice, cabbage, garlic, sambar powder",495.3,36,Veg
Pista Kulfi,"patisa, oil, sheera, puttu, tamarind, rice",55.76,42,Veg
Gujarati Tangri Kebab,"chole masala, custard powder, lemon, dindigul biryani, chickpea",569.19,7,Veg
Amritsari Kachori,"byadgi chilli, coconut milk, white pepper, oats, pulissery, pineapple",466.55,50,Veg
Kofta Chicken Vindaloo,"tahari, sambar, green gram, sesame seeds",695.88,15,Veg
Thali,"rabri, onion, mezhukkupuratti, chole masala",666.97,16,Veg
Golden Aloo Tikki,"modak, soy sauce, pasta, biryani masala, almond, pumpkin, neer dosa",266.17,45,Veg
Lababdar Malai Kulfi,"bottle gourd, lotus seeds, naan, spring onion, biryani rice, green chilli, tea",368.66,26,Veg
Makhani Dal Tadka,"pulissery, fenugreek, murukku, grapes",260.54,33,Veg
Paneer Pasanda,"cardamom, arrowroot, seitan, murukku, meat masala, khoya, paneer",372.12,7,Veg
Fish Tikka,"soy chunks, tahari, chakli, mozzarella, kashmiri pulao, white pepper",532.82,49,Non-Veg
Crispy Dal Tadka,"puran poli, pasta, agar agar, tamarind, lime, biryani rice, capsicum",300.25,41,Veg
Shami Kebab,"lemon rice, mughlai biryani, ambur biryani, tomato, memoni biryani",650.5,24,Veg
Kulfi,"coriander leaves, puran poli, green chilli, murukku, cheese, barfi, ragi idli",396.31,40,Veg
Fresh Lime Water,"paratha, ambur biryani, mughlai biryani, avial",666.5,29,Veg
Aloo Tikki,"payasam, capsicum, prawn, chhena, thatte idli",294.88,21,Veg
Classic Falooda,"puliyogare, cauliflower, eggplant",367.62,44,Veg
Chicken Manchurian,"poriyal, hyderabadi biryani, patisa, bhatkali biryani, imarti",454.75,35,Non-Veg
Garlic Paneer Pasanda,"quinoa, mushroom, jaggery, tomato, mustard seeds, arrowroot, sheera",80.71,43,Veg
Bhuna Veg Pulao,"rice, celery, lime, soya granules, coriander leaves, pumpkin, vangi bath",336.78,6,Veg
Chicken Vindaloo,"garlic, cornflour, double ka meetha, imarti, bombay biryani, payasam, carrot",288.51,49,Veg
Aloo Palak,"kichadi, tomato, egg",174.62,12,Veg
Peshawari Prawn Masala,"lime, vinegar, grapes",240.12,33,Non-Veg
Coffee,"chicken masala, rabri, custard powder, cardamom, kichadi, cheese, sona masoori rice",225.26,22,Veg
Coffee,"ragi idli, yogurt, celery, avial, mango, seeraga samba rice",90.07,24,Veg
Madras Ras Malai,"raisin, tomato, basundi, appam, neer dosa, tofu, sambar powder",184.9,11,Veg
Achari Fruit Custard,"sona masoori rice, mosaru anna, yogurt, arrowroot, spinach, tapioca, egg",236.07,32,Veg
Party Pack,"flour, cream, tapioca, ladoo, awadhi biryani, yogurt",133.87,33,Veg
Egg Curry,"cabbage, soy chunks, broccoli",125.7,26,Non-Veg
Rajasthani Ras Malai,"cucumber, pachadi, sambar powder, halwa, vangi bath, coriander, chettinad biryani",560.06,29,Veg
Kerala Fish Fry,"soy chunks, balushahi, sugar, sambar powder, curd rice",465.38,35,Non-Veg
Gobi Manchurian,"red chilli, halwa, shankarpali, olan, black pepper",408.35,21,Veg
Dal Bukhara,"tehari, red chilli powder, theeyal, byadgi chilli, javitri",133.95,35,Veg
Fry Paneer Paratha,"bombay biryani, gelatin, onion, soan papdi, rabri, pineapple, cumin seeds",386.46,35,Veg
Chicken Tikka Masala,"meat masala, paneer bhurji, kichadi, cream, red chilli, butter",250.38,29,Non-Veg
Dahi Puri,"mushroom, lime, sona masoori rice, tea, kashmiri pulao, paneer, spring onion",308.72,42,Dessert
Lucknowi Veg Handi,"bread, cabbage, beetroot",549.58,5,Veg
Falooda,"sona masoori rice, sugar, almond, sea salt, balushahi",416.11,9,Veg
Malai Kebab,"olan, ghee, jaiphal, chocolate, mosaru anna, dindigul biryani, sambar",513.23,11,Veg
Aloo Gobi,"jeerakasala rice, balushahi, coconut milk, cashew, yogurt, soy sauce, rice",338.81,32,Veg
Steamed Rice,"pomegranate, lemon, cream, sago",73.25,16,Veg
Jeera Rice,"chicken, fish biryani, cucumber",443.73,16,Veg
Rooh Afza,"pineapple, garlic, veg biryani, oil, cheddar",192.03,25,Starter
Paneer Paratha,"malai, rasam powder, oats, red chilli, sesame seeds, awadhi biryani",415.02,8,Veg
Roomali Roti,"soya granules, mezhukkupuratti, pomegranate, grapes, tamarind, lime, seitan",118.34,33,Veg
Tandoori Platter,"carrot, chakli, tapioca, bobbatlu, soya granules, shankarpali",500.01,39,Veg
Mumbai Pongal,"tehari, pink salt, mysore pak, ladoo",341.89,19,Veg
Rasam,"tahari, eggplant, cauliflower, red chilli powder, sona masoori rice, poornam",698.37,44,Dessert
Malai Kulfi,"javitri, basmati rice, hyderabadi biryani, flour, tapioca",436.28,41,Veg
Chana Masala,"memoni biryani, prawn, meat masala, chettinad biryani, thayir sadam, egg, sambar powder",482.85,22,Main Course
Soya Tikka,"banana, murukku, kitchen king masala, mustard seeds, soy chunks",453.65,10,Veg
Chaas,"mutton, tehari, basmati rice",560.58,39,Veg
Paneer Do Pyaza,"payasam, sea salt, pasta, byadgi chilli, oil",338.23,14,Veg
Lababdar Dal Tadka,"jaggery, sambar powder, obbattu, vangi bath, fish masala",291.4,19,Veg
Makhani Steamed Rice,"egg, ginger, almond",506.99,13,Veg
Angara Palak Paneer,"sambar powder, balushahi, lemon rice, tomato",256.63,36,Veg
Veg Handi,"black gram, rabri, curry leaves, paratha",448.85,32,Veg
Paneer Korma,"poriyal, bombay biryani, sindhi biryani, milk",98.68,49,Veg
Kashmiri Mango Lassi,"peda, ragi idli, mushroom, vangi bath, broccoli, grapes, oats",545.49,20,Veg
Spicy Fruit Custard,"coconut rice, fenugreek, obbattu, basundi, chettinad biryani, murukku, malpua",59.2,23,Veg
Fish Fry,"chhena, biryani rice, tea, curd rice, semolina",466.36,6,Non-Veg
Fresh Fruit Custard,"saffron, soya granules, green chilli, olan",264.41,30,Veg
Chilli Paneer,"meat masala, thoran, shrikhand",237.05,6,Veg
Mango Kulfi,"pomegranate, seeraga samba rice, pulissery, halwa, curry leaves, besan",354.33,27,Veg
Roti,"cheese, theeyal, kewra water, mustard oil, soy chunks",247.78,40,Veg
Fruit Custard,"cumin, vermicelli, pasta, dum biryani, paratha, dry mango powder, almond",85.81,33,Veg
Tangri Kebab,"mint leaves, custard powder, poppy seeds",68.59,33,Veg
Vada Pav,"appam, beans, chettinad biryani, ghee rice, cumin seeds, sago, bay leaf",112.74,7,Veg
Party Pack,"curry leaves, egg biryani, salt",428.67,19,Veg
Falooda,"soya granules, yogurt, shrikhand, chole masala, lemon rice, orange, jaiphal",166.14,45,Veg
Lunch Special,"mosaru anna, dindigul biryani, rice, shahi tukda, semolina, tomato",605.1,35,Veg
Chana Masala,"khoya, peas, lettuce, melon seeds",420.51,40,Bread
Angara Paratha,"green gram, theeyal, kidney beans, basmati rice",391.71,26,Veg
Reshmi Kebab,"gujiya, khoya, basmati rice, puliyogare, kewra water, gelatin, cumin seeds",54.41,13,Veg
Paneer Bhurji,"curd rice, chicken, pav bhaji masala, fenugreek, kewra water",669.12,8,Veg
Chana Masala,"cinnamon, okra, malai",339.37,50,Non-Veg
Rabri,"grapes, agar agar, eggplant, star anise",99.14,32,Veg
Mutton Keema,"curry leaves, cornflour, kadala curry, black gram",516.17,43,Non-Veg
Kashmiri Chicken Lababdar,"oats, dum biryani, chocolate, mustard seeds",472.9,42,Non-Veg
Chilli Chicken,"mushroom, banana, pink salt, sea salt, kadala curry, ragi idli, cream",101.13,12,Non-Veg
Prawn Curry,"mustard oil, tofu, ragi idli",308.01,18,Non-Veg
Pongal,"olan, yogurt, milk",279.61,13,Veg
Aloo Tikki,"kashmiri pulao, cardamom, pachadi, gelatin, cornflour, radish",122.21,46,Veg
Sweet Lassi,"oats, meat masala, veg biryani, murukku, syrup",490.72,6,Veg
Sambar,"tea, melon seeds, agar agar, egg biryani",258.91,49,Beverage
Papdi Chaat,"cardamom, sambar, pomegranate, murukku, potato, kichadi",323.95,17,Veg
Veg Jalfrezi,"yogurt, jeerakasala rice, mughlai biryani, dry mango powder",235.91,19,Veg
Fresh Mini Thali,"chicken biryani, tofu, strawberry, rasam powder",469.66,23,Veg
Tikka Lunch Special,"potato, cumin seeds, paneer, eggplant, tea",84.04,30,Veg
Delhi Egg Bhurji,"javitri, payasam, agar agar, carrot, puliyogare, coffee",302.4,30,Non-Veg
Sweet Dosa,"dum biryani, mushroom, peas pulao, ladoo, salt, fish biryani",207.58,40,Veg
Classic Paneer Do Pyaza,"modak, karanji, ambur biryani, coriander leaves, yogurt, rose water, cumin seeds",300.48,14,Veg
Veg Thali,"pomegranate, vangi bath, lime, naan, shahi tukda, broccoli",689.91,48,Veg
Classic Aloo Tikki,"beans, star anise, paneer bhurji, lime, tomato rice, mustard oil",185.13,13,Veg
Chicken 65,"carrot, pulissery, barfi, gelatin",644.1,27,Non-Veg
Dhaba Egg Curry,"honey, double ka meetha, pav bhaji masala, zucchini, chocolate",510.05,43,Non-Veg
Tandoori Roti,"modak, thoran, coriander, zucchini, avial, pink salt",376.24,27,Veg
Crispy Butter Naan,"wheat, chickpea, gujiya, coriander leaves, onion, star anise, tempeh",569.36,38,Veg
Idli,"puran poli, cashew, paneer bhurji, celery, modak, fish masala",260.51,43,Veg
Sev Puri,"pineapple, lemon, holige, coconut milk, pachadi, thoran",581.98,39,Veg
Desi Palak Paneer,"apple, kewra water, orange blossom water, sambar",221.21,14,Veg
Tikka Sweet Lassi,"peas, soya granules, cashew, cumin seeds, paratha",576.46,38,Veg
Mutton Korma,"pomegranate, karanji, coconut milk",215.91,48,Non-Veg
Salted Lassi,"potato, flour, malpua, bottle gourd, lemon rice, kitchen king masala",197.16,11,Veg
Special Thali,"carrot, qubani ka meetha, banana, chole masala",421.88,24,Veg
Sweet Lassi,"pav bhaji masala, double ka meetha, cashew, zucchini, kashmiri chilli",271.23,36,Veg
Kashmiri Prawn Curry,"rock salt, pulissery, roti, basundi",403.42,5,Non-Veg
Prawn Curry,"rock salt, chocolate, sambar powder, vangi bath, theeyal, saffron",142.58,19,Non-Veg
Galouti Kebab,"tea, ginger, jeerakasala rice, chaat masala, cucumber, mawa, egg biryani",386.91,50,Veg
Dal Panchmel,"tea, chicken masala, jaiphal, mosaru anna, corn, bay leaf",131.74,38,Veg
Paneer Korma,"ghee, pasta, prawn",517.52,41,Veg
Plain Naan,"ghee rice, memoni biryani, peas, coconut rice, ragi idli, garlic, coconut oil",101.58,31,Veg
Roti,"chitranna, quinoa, tomato",651.92,35,Veg
Lassi,"malabar biryani, orange blossom water, chettinad biryani, kitchen king masala",365.14,29,Veg
Veg Thali,"lemon, thoran, ambur biryani",673.93,40,Veg
Masala Chai,"carrot, beans, curd rice, turmeric, coconut oil",525.41,8,Veg
Masala Chai,"kadala curry, banana, fish biryani",667.01,47,Veg
Lassi,"sindhi biryani, rice, sago, poppy seeds, lime, malai, chicken",489.76,36,Veg
Roti,"black salt, modak, egg biryani, pomegranate, arrowroot, cumin",597.58,49,Veg
Chicken Bhuna,"jaggery, vinegar, basmati rice, poornam, theeyal, sea salt, rasam",404.15,35,Non-Veg
Kadhai Hara Bhara Kebab,"sugar, honey, memoni biryani, biryani masala",174.53,32,Veg
Aloo Palak,"lime, kashmiri chilli, tea, lettuce",98.84,22,Veg
Lassi,"malabar biryani, celery, awadhi biryani, mozzarella, sago, rose water",495.76,26,Veg
Thandai,"bobbatlu, rock salt, quinoa, guntur chilli, star anise, sindhi biryani, cucumber",488.01,24,Veg
Dum Mango Lassi,"carrot, curd rice, malpua, pink salt, oats, mutton",215.41,27,Veg
Sindhi Chicken Lollipop,"tamarind, chicken, pasta, lemon rice, lemon, paneer, lucknowi biryani",89.87,48,Non-Veg
Green Tea,"rasam powder, ragi idli, mawa, white pepper, tea, rabri, arrowroot",368.7,30,Veg
Achari Tikka,"fish biryani, halwa, radish",527.23,39,Veg
Kofta Mixed Vegetables,"strawberry, garam masala, jaiphal, mawa, seitan",481.23,16,Veg
Veg Biryani,"karanji, chicken masala, sona masoori rice, tempeh",418.35,15,Veg
Shahi Paneer,"pasta, thayir sadam, radish",215.43,7,Veg
Chatpata Chicken Tikka,"potato, semolina, gelatin, soy chunks",141.44,33,Non-Veg
Prawn Curry,"lemon rice, kichadi, grapes, cream, shrikhand, chhena",549.03,36,Non-Veg
Veg Handi,"butter, raisin, peas",565.98,5,Veg
Zesty Pongal,"curry leaves, capsicum, cornflour, veg biryani, spinach, green chilli, mawa",236.69,18,Veg
Paneer Paratha,"mango, paneer, ghee, biryani masala",469.3,37,Veg
Madras Uttapam,"sesame seeds, double ka meetha, saffron",230.39,17,Veg
Achari Paneer,"cabbage, egg, butter",56.4,48,Veg
Rajma Masala,"tempeh, appam, byadgi chilli, cucumber, fish, broccoli, custard powder",619.82,32,Bread
Kachori,"cheddar, puliyogare, khoya, banana, zucchini, modak",466.75,7,Veg
Angara Badam Halwa,"black salt, dindigul biryani, carrot, awadhi biryani, rice, malabar biryani",208.87,37,Veg
Zesty Chilli Paneer,"garlic, soya granules, hyderabadi biryani",117.4,11,Veg
Galouti Kebab,"beetroot, orange blossom water, modak, banana, khoya, curd rice",202.4,31,Veg
Paneer Makhani,"tea, prawn, cucumber, black pepper",524.05,43,Veg
Claypot Mixed Vegetables,"chhena, mutton biryani, chitranna, kashmiri pulao, pomegranate, mawa",453.22,43,Veg
Family Combo,"appam, coconut rice, star anise",565.09,25,Veg
Maharashtrian Mutton Keema,"dry mango powder, sago, okra, malabar biryani, sugar, cornflour",369.24,33,Non-Veg
Chicken Tikka,"agar agar, erissery, asafoetida",102.6,13,Non-Veg
Shami Kebab,"soya granules, black pepper, mezhukkupuratti",252.2,27,Veg
Tandoori Roti,"fish masala, paneer bhurji, cardamom, kolkata biryani, dum biryani",539.81,21,Veg
Angara Dahi Bhalla,"honey, theeyal, sea salt",398.88,30,Veg
Butter Chicken,"rice, mustard seeds, sheera, radish, obbattu, pulissery, kadala curry",434.33,9,Non-Veg
Ultimate Paneer Makhani,"erissery, chhena, tofu",348.28,46,Veg
Chicken Do Pyaza,"mint leaves, white pepper, spinach, shankarpali, chicken",474.14,46,Non-Veg
Tandoori Starter Platter,"pav bhaji masala, mustard oil, chicken, melon seeds, prawn biryani",584.21,17,Veg
Shami Kebab,"modak, fenugreek, lettuce, thalassery biryani, cabbage, coriander leaves",301.32,39,Veg
Chilli Paneer,"rasam powder, malai, broccoli, qubani ka meetha, pomegranate, black salt",428.17,17,Veg
Executive Thali,"sago, thalassery biryani, sindhi biryani, soya granules",391.37,43,Veg
Peshawari Dal Tadka,"arrowroot, mawa, dum biryani, moru curry, bhatkali biryani, banana",209.63,40,Veg
Prawn Masala,"agar agar, guntur chilli, olan, green chilli",81.34,29,Non-Veg
Baby Corn Manchurian,"ladoo, wheat, malabar biryani, eggplant, pumpkin",516.61,33,Veg
Roti,"qubani ka meetha, kichadi, spring onion, vanilla, thalassery biryani, malpua, byadgi chilli",221.85,48,Veg
Jaljeera,"tamarind rice, lentil, chaat masala, mint leaves, honey",390.89,13,Veg
Handi Hariyali Paneer,"double ka meetha, cinnamon, olan, lotus seeds, bottle gourd",140.38,29,Veg
Mumbai Paneer Makhani,"quinoa, fish masala, corn",503.88,25,Veg
Chilli Chicken,"tofu, rock salt, tomato rice, besan, orange blossom water, kitchen king masala",610.18,43,Non-Veg
Hara Bhara Kebab,"kaalan, coriander leaves, cauliflower, pasta, sheera",328.64,37,Veg
Aromatic Achari Paneer,"shrikhand, cucumber, mutton biryani, moru curry, lemon rice",584.45,39,Veg
Rasmalai,"jeerakasala rice, tomato rice, almond, ghee rice, thatte idli, shankarpali, orange blossom water",573.51,21,Bread
Pav Bhaji,"sambar powder, neer dosa, sago, saffron",159.17,31,Veg
Soya Chaap,"bombay biryani, malai, capsicum",645.66,11,Veg
Roti,"biryani rice, ginger, mezhukkupuratti, basmati rice",126.26,41,Veg
Idli,"mutton, spring onion, paratha, bread",162.27,41,Veg
Masala Chai,"basundi, malpua, soy sauce, paneer, bobbatlu",592.03,41,Veg
Starter Platter,"biryani rice, radish, oil, pink salt",391.57,14,Veg
Butter Pongal,"lime, mustard seeds, beans, cinnamon",329.39,22,Veg
Mutton Korma,"seitan, okra, fish biryani, white pepper",600.46,12,Non-Veg
Veg Thali,"kashmiri pulao, sugar, bombay biryani",571.35,44,Veg
Chilli Chicken,"broccoli, double ka meetha, coriander leaves",605.26,15,Non-Veg
Veg Jalfrezi,"vangi bath, radish, mawa, avial, pulissery, cinnamon",597.76,22,Veg
Tandoori Roti,"strawberry, maida, broccoli, cornflour",156.05,41,Veg
Gulab Jamun,"fish, holige, imarti, almond, tempeh",531.31,44,Veg
Sweet Lassi,"rasam powder, almond, broccoli, tehari, lettuce",329.37,39,Veg
Hariyali Paneer,"sambar powder, chicken biryani, coconut rice",290.71,27,Veg
Celebration Rooh Afza,"arrowroot, chicken masala, mustard seeds, mushroom, thoran, double ka meetha",515.37,48,Non-Veg
Pakora,"khoya, murukku, besan, turmeric, puttu",487.78,34,Veg
Aloo Matar,"shrikhand, cinnamon, syrup",450.84,32,Veg
Bhel Puri,"biryani rice, flour, orange blossom water, imarti",406.98,41,Veg
Mini Thali,"arrowroot, kadala curry, seitan, sesame seeds",578.72,49,Veg
Veg Thali,"bobbatlu, bay leaf, red chilli, chettinad biryani, oil, erissery",436.78,44,Veg
Chatpata Shami Kebab,"lime, thalassery biryani, modak, mysore pak, gelatin, almond",594.45,28,Veg
Ice Cream,"butter, kaalan, strawberry, chitranna, soya granules, green chilli, coconut rice",644.29,25,Veg
Gulab Jamun,"avial, custard powder, maida, sambar powder, white pepper",414.85,31,Veg
Malai Kebab,"garlic, flour, ragi idli, malai, mint leaves, carrot",65.3,26,Veg
Paneer Makhani,"sindhi biryani, jeerakasala rice, ladoo, paratha",499.43,46,Veg
Awadhi Veg Kolhapuri,"lentil, clove, kaalan, grapes, vangi bath",205.89,8,Veg
Mutton Korma,"oats, bay leaf, chhena, coconut oil, malai, capsicum",638.78,7,Non-Veg
Shami Kebab,"curd rice, pav bhaji masala, tomato rice, gelatin, rasam powder, malpua",557.27,19,Veg
Kofta Galouti Kebab,"pasta, basundi, pomegranate seeds, besan, sheera",384.43,16,Veg
Non-Veg Thali,"hyderabadi biryani, kaalan, payasam, pulissery",602.39,27,Veg
Zesty Plain Naan,"shrikhand, sambar powder, white pepper, olan, soy chunks, chole masala, lucknowi biryani",289.8,26,Veg
Falooda,"carrot, basundi, poriyal",621.46,48,Veg
Curry Ras Malai,"bhatkali biryani, bay leaf, obbattu, green gram, black pepper",53.09,24,Veg
Badam Milk,"cardamom, erissery, ginger, celery, soya granules, coconut",436.65,30,Veg
Malai Soya Tikka,"ragi idli, thatte idli, mustard seeds, carrot",670.61,43,Veg
Chocolate Brownie,"almond, oil, rasam, meat masala, memoni biryani, kashmiri pulao",223.03,27,Veg
Chaas,"mysore pak, lucknowi biryani, dum biryani",490.34,16,Veg
Zesty Fresh Lime Soda,"kaalan, biryani masala, agar agar, curd rice, dum biryani, chettinad biryani",496.1,36,Veg
Paneer Paratha,"tapioca, sago, spring onion",370.9,32,Veg
Dinner Special,"turmeric, black pepper, byadgi chilli, lettuce, sago",296.09,18,Veg
Masala Gajar Halwa,"banana, lucknowi biryani, cornflour, kidney beans, garlic",290.31,23,Veg
Mini Thali,"tofu, lentil, broccoli",392.75,30,Veg
Classic Thandai,"pasta, broccoli, capsicum, lucknowi biryani",144.36,14,Veg
Lassi,"wheat, chocolate, mozzarella, soan papdi, arrowroot, prawn, cashew",349.5,46,Veg
Lassi,"spring onion, shrikhand, mint leaves, seitan, dum biryani, peas pulao",274.18,31,Veg
Pav Bhaji,"khoya, potato, cauliflower, sindhi biryani, pumpkin, guntur chilli, lotus seeds",108.13,14,Veg
Veg Biryani,"ghee, mustard seeds, thalassery biryani, obbattu, bisi bele bath, quinoa",228.61,7,Veg
Fish Tikka,"cucumber, pomegranate seeds, yogurt, beetroot, qubani ka meetha",650.72,12,Non-Veg
Non-Veg Thali,"mysore pak, awadhi biryani, coconut oil, rasam",203.03,37,Veg
Tangy Rose Milk,"khoya, peas pulao, javitri, theeyal",532.52,22,Veg
Roomali Roti,"mutton, chicken biryani, black gram, paneer",339.69,17,Veg
Hot Paneer Butter Masala,"bay leaf, cauliflower, olan, chocolate, cabbage",664.4,7,Veg
Charcoal Pani Puri,"puttu, pomegranate, shahi tukda, balushahi, kewra water, poppy seeds, fish",593.46,41,Veg
Ice Cream,"bobbatlu, mysore pak, roti, byadgi chilli, noodles, beetroot",454.36,26,Veg
Kadhai Sweet Lassi,"chocolate, jaiphal, thayir sadam, karanji, khoya",62.21,31,Veg
Chicken Chettinad,"dry mango powder, peas pulao, agar agar",246.55,25,Non-Veg
Veg Kolhapuri,"tehari, kashmiri pulao, thalassery biryani",195.38,35,Veg
Fish Curry,"thayir sadam, basmati rice, tofu, zucchini, double ka meetha, amrakhand, cinnamon",529.7,21,Non-Veg
Vada,"avial, banana, chole masala",695.5,31,Veg
Paneer Pasanda,"custard powder, peda, malabar biryani, bisi bele bath, quinoa, rasam, sheera",87.86,22,Veg
North Indian Paneer Bhurji,"mughlai biryani, coriander leaves, lime",619.03,38,Veg
Fresh Veg Handi,"garam masala, chhena, vangi bath, capsicum, paratha, prawn biryani",589.77,22,Veg
Pani Puri,"coriander, mozzarella, pomegranate",602.91,29,Veg
Punjabi Kulfi,"rasam, melon seeds, lemon, memoni biryani, saffron, tempeh",397.01,22,Veg
Bhuna Papdi Chaat,"mysore pak, apple, syrup",165.72,17,Veg
Kadai Paneer,"javitri, rose water, spring onion, mosaru anna, green gram",107.57,33,Veg
Achari Paneer,"kaalan, peda, barfi, black pepper, vermicelli",312.97,49,Veg
Achari Dal Tadka,"milk, star anise, paratha, cardamom, malabar biryani, chickpea",191.36,18,Veg
Hara Bhara Kebab,"prawn, coffee, patisa, curd rice, cauliflower",125.67,35,Veg
Pongal,"lemon, shankarpali, poppy seeds",256.33,34,Veg
Charcoal Gobi Manchurian,"agar agar, peas pulao, rock salt, red chilli, malabar biryani",344.67,36,Veg
Veg Korma,"chaat masala, radish, ghee, shankarpali, peas pulao, chakli",448.99,50,Veg
Chicken Lababdar,"ghee rice, amrakhand, elaichi, cucumber",626.65,5,Non-Veg
Gujarati Hara Bhara Kebab,"zucchini, egg, celery, vinegar, orange blossom water, mysore pak",688.83,50,Veg
Kebab Egg Biryani,"poornam, paneer, cream, puttu",466.91,30,Non-Veg
Divine Aloo Palak,"fish masala, bisi bele bath, arrowroot",214.06,9,Veg
Fresh Seekh Kebab,"salt, honey, rose water, okra, chitranna, byadgi chilli, butter",158.69,28,Veg
Uttapam,"rasam powder, biryani masala, vinegar, noodles, kichadi, naan, holige",261.8,25,Veg
Curry Paneer Makhani,"holige, custard powder, black pepper, prawn biryani, egg biryani, memoni biryani, chicken",101.09,36,Veg
Reshmi Kebab,"hyderabadi biryani, veg biryani, mozzarella, radish, poriyal, beans, dum biryani",454.93,34,Veg
Chicken 65,"peas pulao, coconut oil, kitchen king masala, yogurt, imarti",231.44,9,Non-Veg
Dosa,"appam, holige, ragi idli, dry mango powder",115.77,28,Veg
Mixed Vegetables,"green gram, strawberry, thoran",663.11,33,Veg
Upma,"mosaru anna, coffee, puliyogare, thatte idli, biryani rice, coriander, sona masoori rice",314.79,15,Veg
Gobi Paratha,"wheat, vinegar, biryani masala, black salt, malai, naan, oil",435.54,41,Veg
Paratha,"seeraga samba rice, shahi tukda, byadgi chilli",468.65,9,Veg
Laccha Paratha,"soan papdi, butter, prawn biryani, rose water, beetroot",141.49,18,Veg
Baingan Bharta,"prawn biryani, poornam, vermicelli, mango",587.17,5,Veg
Dessert Platter,"cardamom, pav bhaji masala, meat masala, moru curry",440.17,28,Veg
Mixed Vegetables,"bombay biryani, veg biryani, qubani ka meetha, semolina",660.13,38,Veg
Fresh Dinner Special,"mustard oil, puran poli, raisin, roti, avial",490.49,5,Veg
Chocolate Brownie,"coffee, zucchini, kolkata biryani, basmati rice, green chilli",143.57,11,Veg
Papdi Chaat,"curd rice, mezhukkupuratti, bombay biryani, mustard seeds, vermicelli",134.9,10,Veg
Gulab Jamun with Ice Cream,"besan, oil, malai, kadala curry, halwa, vermicelli",180.18,34,Veg
Buttermilk,"barfi, beans, sona masoori rice, roti, pav bhaji masala, spring onion",355.31,33,Veg
Veg Pulao,"murukku, gujiya, lemon rice, soy sauce",291.88,11,Veg
Tandoori Prawn Curry,"basundi, asafoetida, tofu, appam, strawberry, qubani ka meetha",338.78,43,Non-Veg
Gulab Jamun,"mutton, mysore pak, tempeh",235.59,39,Veg
Mixed Vegetables,"salt, thalassery biryani, wheat, mezhukkupuratti, bobbatlu",295.39,31,Veg
Kolhapuri Paneer Tikka,"fish, puttu, star anise, mustard seeds, noodles, egg biryani, red chilli",225.27,40,Veg
Chicken Bhuna,"turmeric, tehari, salt, biryani masala",87.73,26,Non-Veg
Kachori,"mughlai biryani, turmeric, gelatin, bottle gourd, chole masala, seitan",365.06,24,Veg
Mutton Rogan Josh,"olan, coffee, sago, bay leaf, malpua, broccoli, avial",448.04,36,Non-Veg
Sweet Mutton Biryani,"potato, pumpkin, bhatkali biryani, tea, cauliflower, kidney beans, pineapple",425.59,45,Non-Veg
Pongal,"fish masala, chicken biryani, asafoetida",466.15,48,Veg
Rajasthani Palak Paneer,"pasta, zucchini, kolkata biryani, fish",296.35,44,Veg
Sharbat,"pachadi, bobbatlu, shankarpali, bisi bele bath, syrup, balushahi, garlic",529.21,35,Veg
Lababdar Prawn Curry,"bisi bele bath, sesame seeds, rabri, pomegranate, quinoa, bhatkali biryani, elaichi",217.86,10,Non-Veg
Chatpata Aloo Tikki,"chole masala, rice, puliyogare",199.61,9,Veg
Achari Tikka,"bay leaf, rasam powder, green gram, seeraga samba rice, veg biryani, amrakhand, sindhi biryani",285.57,38,Veg
Tandoori Roti,"guntur chilli, kitchen king masala, red chilli powder, mawa, poppy seeds, jeerakasala rice, syrup",183.88,38,Veg
Handi Kachori,"thalassery biryani, kaalan, lentil, chicken masala, sheera, pomegranate seeds",142.65,13,Veg
Biryani Reshmi Kebab,"lime, sambar, guntur chilli, cabbage, turmeric, elaichi, melon seeds",374.37,19,Veg
Paneer Butter Masala,"pineapple, chakli, malai",158.42,42,Veg
Madras Sharbat,"biryani masala, byadgi chilli, obbattu, veg biryani, qubani ka meetha, mysore pak, spring onion",113.71,28,Veg
Divine Kulfi,"oats, white pepper, melon seeds, lotus seeds, radish, semolina, vangi bath",496.92,7,Veg
Dal Bukhara,"salt, peas pulao, thatte idli, prawn biryani",207.07,25,Veg
Mughlai Laccha Paratha,"mozzarella, dry mango powder, green chilli, quinoa",203.93,12,Veg
Hariyali Special Thali,"mysore pak, kashmiri chilli, corn, semolina, oil, garlic",633.41,9,Veg
Fish Tikka,"malpua, olan, ghee, milk, onion",93.34,31,Non-Veg
Lahori Special Thali,"jaiphal, peas, thoran, jeerakasala rice",328.48,19,Veg
Dahi Bhalla,"fish masala, chitranna, tamarind, javitri",154.97,26,Veg
Paneer Tikka,"kashmiri pulao, javitri, naan, bay leaf, melon seeds",607.58,8,Veg
Kebab Dal Bukhara,"mysore pak, mezhukkupuratti, murukku",120.74,31,Veg
Aloo Matar,"orange, lucknowi biryani, mustard oil",97.97,32,Veg
Paneer Tikka,"shankarpali, coconut oil, honey, banana, balushahi, biryani masala",541.67,38,Veg
Claypot Achari Tikka,"tomato, coriander, seitan, patisa, veg biryani, balushahi, beans",686.94,6,Veg
Laccha Paratha,"jeerakasala rice, zucchini, mozzarella, sindhi biryani, biryani masala, rasam powder",199.83,24,Veg
Bengali Aloo Jeera,"pasta, agar agar, melon seeds, naan",91.82,9,Veg
Mild Aloo Jeera,"malabar biryani, pachadi, pasta, custard powder, cashew, coffee",581.87,37,Veg
Pav Bhaji,"jeerakasala rice, rasam, red chilli, cheese, bread, obbattu, pineapple",534.87,14,Veg
Chicken Tikka,"cumin, peda, payasam, maida, khoya, dry mango powder",366.96,25,Non-Veg
Punjabi Egg Curry,"agar agar, jaiphal, seitan, hyderabadi biryani, black salt",398.8,34,Non-Veg
Wedding Ras Malai,"sambar, kootu, ghee, lucknowi biryani, rice",198.57,11,Veg
Fish Curry,"qubani ka meetha, maida, chicken masala, ghee rice, broccoli, obbattu, pachadi",327.12,47,Non-Veg
Hariyali Paneer,"basmati rice, kashmiri chilli, egg, eggplant, potato",139.44,46,Veg
Chicken Lollipop,"flour, mughlai biryani, broccoli, fish masala, memoni biryani, thayir sadam, cashew",696.31,39,Non-Veg
Starter Platter,"naan, veg biryani, karanji, cumin seeds, white pepper, spring onion, capsicum",291.76,28,Veg
Chilli Chicken,"seeraga samba rice, mawa, bread",533.13,9,Non-Veg
Aloo Jeera,"roti, patisa, peas pulao, pachadi",88.29,36,Veg
Chicken Chettinad,"karanji, cornflour, thalassery biryani, soya granules, ghee, qubani ka meetha, almond",63.97,19,Non-Veg
Seekh Kebab,"almond, poriyal, quinoa",479.49,6,Veg
Idli,"gelatin, mozzarella, basundi, coconut rice",233.2,9,Veg
Gulab Jamun,"javitri, chicken biryani, modak",56.06,41,Veg
Buttermilk,"basundi, chettinad biryani, noodles, cornflour, cucumber, custard powder, pav bhaji masala",554.82,22,Veg
Supreme Rose Milk,"biryani masala, kidney beans, memoni biryani, poriyal, soya granules, erissery, byadgi chilli",438.67,11,Veg
Veg Handi,"jaiphal, butter, mozzarella, lettuce",253.51,29,Veg
Roast Starter Platter,"bisi bele bath, erissery, fish biryani, chaat masala",502.8,16,Veg
Dessert Platter,"curry leaves, dry mango powder, theeyal, gelatin, soan papdi, dindigul biryani, kadala curry",190.72,39,Veg
Laccha Paratha,"pachadi, kewra water, cheese, radish, black salt, coriander, tofu",668.41,7,Veg
Chicken Manchurian,"mustard seeds, rasam powder, babycorn, soan papdi, hyderabadi biryani, coffee",587.74,17,Non-Veg
Gulab Jamun,"soy chunks, dindigul biryani, bobbatlu, beans",189.9,26,Veg
Grand Palak Paneer,"mosaru anna, mustard seeds, okra, beans, clove",205.69,20,Veg
Creamy Thali,"vinegar, coffee, tamarind rice, malai",328.79,50,Veg
Vada,"qubani ka meetha, curd rice, malpua, barfi, imarti, chickpea",73.84,13,Veg
Jeera Rice,"paratha, zucchini, milk",164.92,34,Veg
Aloo Tikki,"sesame seeds, malpua, tofu",175.72,5,Veg
Soya Chaap,"coriander, quinoa, turmeric, veg biryani, curry leaves, saffron",212.05,44,Veg
Chicken Lababdar,"soy chunks, chocolate, butter, appam",349.9,18,Non-Veg
Badam Milk,"vanilla, jaggery, arrowroot, meat masala, malai, memoni biryani, sea salt",364.69,23,Veg
Mumbai Aloo Jeera,"bombay biryani, orange, poriyal, kolkata biryani, orange blossom water, chhena, tea",215.61,37,Veg
Sharbat,"cornflour, wheat, mustard seeds, curry leaves, lettuce",286.08,45,Veg
Upma,"curry leaves, kitchen king masala, puttu",566.0,11,Veg
Pongal,"byadgi chilli, puran poli, curd rice, sesame seeds, black gram, kewra water, raisin",382.76,31,Veg
Thandai,"curry leaves, honey, sea salt, kadala curry, halwa, moru curry, patisa",210.86,7,Veg
Pani Puri,"asafoetida, green chilli, carrot",87.35,9,Veg
Peshawari Paneer Korma,"pomegranate seeds, kashmiri chilli, poornam, chettinad biryani, halwa, almond",299.13,31,Veg
Vada,"tomato rice, lime, veg biryani, coconut oil, thalassery biryani, wheat, appam",170.54,23,Veg
Kadhai Fresh Lime Soda,"vinegar, grapes, guntur chilli, fish, elaichi, tamarind, chole masala",647.62,48,Veg
Dhaba Chicken Chettinad,"fish, sambar powder, amrakhand, salt",350.59,38,Non-Veg
Celebration Dahi Bhalla,"prawn biryani, tomato rice, lettuce, malpua, beans",191.35,22,Veg
Awadhi Dahi Bhalla,"cumin seeds, bread, sambar, red chilli powder",207.57,39,Veg
Bhindi Masala,"shahi tukda, cabbage, agar agar, sambar, khoya",265.48,48,Veg
Green Tea,"lettuce, pomegranate seeds, cashew, celery, coriander leaves, curd rice",182.01,40,Veg
Malai Veg Thali,"beans, holige, pulissery",262.61,48,Veg
Egg Curry,"mint leaves, fish, maida, kootu",574.32,18,Non-Veg
Rasam,"malabar biryani, pomegranate, vangi bath, shrikhand",553.8,21,Dessert
Aloo Gobi,"coconut, soya granules, imarti, sona masoori rice, ginger, dry mango powder, thoran",416.92,31,Veg
Dahi Puri,"tofu, peda, lotus seeds, agar agar, ghee rice, okra, malpua",292.62,21,Dessert
Falooda,"chitranna, arrowroot, sea salt, grapes, egg biryani",247.85,40,Veg
Festive Mango Lassi,"soy chunks, turmeric, obbattu, quinoa, asafoetida",293.79,10,Veg
Aloo Palak,"byadgi chilli, cashew, onion, bombay biryani, mushroom",140.85,12,Veg
Gobi Paratha,"sindhi biryani, bottle gourd, thatte idli, coconut rice, almond, dindigul biryani, eggplant",230.74,18,Veg
Mutton Keema,"arrowroot, lemon rice, malabar biryani, cucumber, fish masala",59.98,40,Non-Veg
Garlic Naan,"mughlai biryani, shrikhand, modak, biryani rice",161.15,14,Veg
Grilled Masala Chai,"hyderabadi biryani, murukku, oil, ghee rice, poriyal, rock salt, meat masala",552.93,18,Veg
Salted Lassi,"butter, coriander leaves, potato, tapioca",489.01,32,Veg
Dosa,"meat masala, kichadi, rabri, sona masoori rice, jeerakasala rice, asafoetida, seeraga samba rice",685.47,16,Veg
Jeera Rice,"gelatin, prawn, lettuce, raisin, coconut oil, puran poli, cornflour",70.74,22,Veg
Malai Kulfi,"thatte idli, vanilla, puliyogare, kewra water, chaat masala",519.2,17,Veg
Chicken Tikka Masala,"pomegranate seeds, pav bhaji masala, malpua, capsicum, spinach, gelatin",608.24,35,Non-Veg
Rose Milk,"soy sauce, biryani masala, dry mango powder",666.9,7,Veg
Aloo Paratha,"puttu, cheddar, tea, spring onion, capsicum, gujiya, cucumber",112.08,33,Veg
Thali,"orange, fish biryani, malai, roti",242.7,45,Veg
Roti,"chole masala, tomato rice, paneer, capsicum, spring onion, garam masala",96.96,40,Veg
Dal Tadka,"thayir sadam, shrikhand, noodles, chole masala, dindigul biryani, spinach",297.39,11,Veg
Egg Bhurji,"capsicum, guntur chilli, lettuce, double ka meetha",224.91,32,Non-Veg
Tandoori Roti,"star anise, lemon, pomegranate seeds, noodles, veg biryani, peas pulao",524.96,14,Veg
Butter Kheer,"prawn, coconut, coriander, olan",532.48,34,Veg
Paratha,"malabar biryani, mutton, black pepper, balushahi, agar agar",143.24,46,Veg
Thali,"onion, qubani ka meetha, cumin seeds, pink salt, jeerakasala rice",476.3,44,Veg
Rajasthani Sweet Lassi,"rice, prawn, sea salt, neer dosa, thalassery biryani",481.24,13,Veg
Fragrant Gulab Jamun,"curd rice, kootu, capsicum, orange blossom water, mint leaves, mosaru anna",57.36,30,Veg
Thandai,"almond, murukku, kashmiri chilli, jeerakasala rice, bay leaf, garlic",553.68,5,Veg
Paneer Paratha,"gujiya, mutton, biryani masala, bhatkali biryani",267.97,46,Veg
Party Pack,"lentil, tehari, turmeric, cucumber, guntur chilli, gujiya",435.63,49,Veg
Dosa,"payasam, beetroot, fish",686.79,18,Veg
Jaljeera,"mint leaves, avial, naan, almond, celery, orange",404.14,9,Veg
Palak Paneer,"raisin, kashmiri chilli, custard powder",472.57,46,Veg
Green Tea,"mutton, soan papdi, chole masala, rose water",538.41,10,Veg
Badam Milk,"modak, ginger, prawn, eggplant, sambar powder, sona masoori rice",649.37,34,Veg
Kolhapuri Rooh Afza,"sugar, shankarpali, neer dosa, jaggery, soy chunks",233.25,21,Bread
Dal Makhani,"kidney beans, pink salt, lime, garam masala, olan, cardamom",283.55,12,Veg
Daily Chicken Madras,"thoran, erissery, thalassery biryani, butter, puran poli, almond",443.68,28,Non-Veg
Punjabi Mini Thali,"sambar, semolina, star anise, onion, celery, cumin",492.86,28,Veg
Rajma Masala,"cardamom, rock salt, banana, byadgi chilli",608.27,16,Starter
Chocolate Brownie,"seitan, honey, vangi bath",314.48,25,Veg
Aromatic Mutton Rogan Josh,"sheera, ginger, malpua, yogurt, rice",341.44,14,Non-Veg
Garlic Paneer Lababdar,"mezhukkupuratti, malpua, coconut, olan, biryani rice",354.06,13,Veg
Hot Coffee,"capsicum, bhatkali biryani, black salt, seeraga samba rice",677.18,10,Veg
Chicken 65,"shahi tukda, chickpea, curd rice, almond, seitan, soya granules, chicken biryani",322.25,11,Non-Veg
Desi Chicken Lollipop,"bombay biryani, cabbage, asafoetida, wheat, zucchini",341.29,23,Non-Veg
Gajar Halwa,"chakli, coriander, byadgi chilli, soya granules",61.98,18,Veg
Chatpata Veg Kolhapuri,"asafoetida, garlic, dum biryani, sago, basmati rice",135.44,10,Veg
Veg Korma,"noodles, shahi tukda, lemon rice, flour, malabar biryani",578.83,37,Veg
Makhani Green Tea,"milk, cinnamon, mustard oil, obbattu",108.91,44,Veg
Jalebi,"cinnamon, soan papdi, shankarpali, tamarind",87.39,31,Veg
Upma,"grapes, moru curry, obbattu, rasam powder, malpua, kidney beans, rasam",163.14,22,Veg
Goan Starter Platter,"ragi idli, sheera, bombay biryani",266.63,46,Veg
Zesty Rose Milk,"mughlai biryani, basundi, syrup, cheddar, guntur chilli, chocolate",521.5,21,Veg
Fresh Paneer Pasanda,"shahi tukda, dum biryani, coconut oil, coriander, theeyal, thoran",431.17,41,Veg
Rooh Afza,"ghee rice, coconut milk, mozzarella, murukku, qubani ka meetha",150.5,7,Non-Veg
Gujarati Laccha Paratha,"theeyal, bobbatlu, cardamom, oats",182.4,6,Veg
Special Paneer Lababdar,"soya granules, chakli, aviyal, ambur biryani",215.14,28,Veg
Green Tea,"peas pulao, appam, grapes, lettuce, cauliflower",240.22,28,Veg
Jeera Rice,"barfi, bobbatlu, hyderabadi biryani",389.89,20,Veg
Mutton Biryani,"clove, red chilli powder, sea salt, kidney beans, fish, rock salt",222.96,26,Non-Veg
Fresh Lime Water,"cinnamon, byadgi chilli, mysore pak, pachadi",283.61,28,Veg
Jaljeera,"fish biryani, beans, pomegranate seeds",587.67,20,Veg
Fish Tikka,"beetroot, chickpea, butter",175.41,43,Non-Veg
Dal Tadka,"sambar, awadhi biryani, sindhi biryani, tahari, chakli, broccoli, ambur biryani",127.72,49,Veg
Chicken Manchurian,"biryani masala, ghee rice, orange blossom water, bobbatlu, bay leaf, garlic",131.02,42,Non-Veg
Kachori,"malabar biryani, balushahi, red chilli powder, patisa, naan",291.05,38,Veg
Aloo Tikki,"seeraga samba rice, broccoli, appam, roti, murukku, chocolate",276.28,24,Veg
Zesty Baingan Bharta,"seeraga samba rice, chitranna, bread, puttu, tahari",87.86,5,Veg
Egg Curry,"oil, shrikhand, bread",656.51,42,Non-Veg
Shami Kebab,"oats, black gram, patisa, celery, fish biryani",530.28,5,Veg
Fry Party Pack,"lemon rice, yogurt, pav bhaji masala, rose water, lotus seeds, asafoetida, cauliflower",157.58,49,Veg
North Indian Roti,"chitranna, mint leaves, kewra water, mango, lotus seeds, spinach",431.97,15,Veg
Sour Hariyali Paneer,"vanilla, balushahi, black salt",325.36,8,Veg
Pulao Chicken Tikka Masala,"basmati rice, chaat masala, jeerakasala rice, pink salt, naan, babycorn, vermicelli",540.16,41,Veg
Tandoori Platter,"patisa, amrakhand, biryani rice, basmati rice, milk, melon seeds",396.07,14,Veg
Golden Rajma Masala,"corn, theeyal, thatte idli, chole masala, quinoa",405.46,30,Starter
Samosa,"chaat masala, eggplant, cumin, byadgi chilli, pumpkin, puttu, grapes",203.86,11,Veg
Mini Thali,"mutton, poppy seeds, tamarind, wheat, obbattu, babycorn, almond",645.74,15,Veg
Lahori Sambar,"qubani ka meetha, poriyal, rock salt, tofu",613.23,33,Non-Veg
Fresh Lime Water,"ladoo, malabar biryani, coriander leaves, meat masala",615.86,32,Veg
Aloo Tamatar,"guntur chilli, lemon, kichadi, poppy seeds, prawn biryani",288.0,39,Veg
Ras Malai,"apple, eggplant, rabri, jaiphal, pineapple, jaggery, chettinad biryani",121.1,17,Veg
Sizzling Badam Milk,"chocolate, green gram, neer dosa, coriander leaves, barfi, fenugreek",232.95,25,Veg
Hyderabadi Chicken Manchurian,"beans, bombay biryani, tomato",364.1,29,Non-Veg
Kheer,"sago, elaichi, green chilli, ragi idli, turmeric, erissery, moru curry",109.56,19,Veg
Shami Kebab,"fenugreek, semolina, chicken, thayir sadam, amrakhand, poornam, vermicelli",566.73,40,Veg
Dal Tadka,"karanji, fenugreek, cashew, okra, radish, memoni biryani",106.12,45,Veg
Rooh Afza,"dum biryani, shankarpali, sea salt, cinnamon, tomato rice, arrowroot",490.45,20,Bread
Paneer Makhani,"quinoa, green gram, cashew, meat masala, cheese, guntur chilli",170.01,30,Veg
Garlic Naan,"patisa, mozzarella, tapioca, chhena, seeraga samba rice",156.65,31,Veg
Classic Masala Chai,"mustard seeds, thatte idli, avial, fish masala, kootu, memoni biryani",440.34,32,Veg
Tandoori Platter,"veg biryani, red chilli powder, kewra water",221.8,18,Veg
Chicken Vindaloo,"lettuce, dry mango powder, bread, malai",542.5,42,Veg
Crispy Matar Paneer,"kidney beans, bisi bele bath, white pepper, moru curry, sheera, tomato, garam masala",498.87,20,Veg
Divine Chaas,"kewra water, prawn, pineapple, garlic",590.21,35,Veg
Saag Thali,"vanilla, bombay biryani, sago",193.45,17,Veg
Jaljeera,"ladoo, cornflour, garlic, chicken biryani, zucchini",626.35,16,Veg
Fresh Lime Soda,"chicken, bay leaf, semolina, biryani masala",489.61,30,Veg
Zesty Tandoori Roti,"kolkata biryani, red chilli powder, sambar, agar agar, cinnamon",312.02,28,Veg
Chicken Do Pyaza,"malabar biryani, tofu, tamarind, melon seeds, vanilla, dry mango powder, clove",73.53,43,Non-Veg
Mixed Vegetables,"amrakhand, kashmiri pulao, coconut milk, curd rice",274.23,7,Veg
Chocolate Brownie,"babycorn, arrowroot, shahi tukda, beans, eggplant, thatte idli",583.58,19,Veg
Mughlai Jalebi,"sambar powder, naan, veg biryani",626.08,33,Veg
Thandai,"garlic, veg biryani, peas pulao",318.42,31,Veg
Mango Lassi,"kashmiri chilli, chole masala, puttu, asafoetida",145.4,6,Veg
Spicy Paneer Do Pyaza,"cashew, puliyogare, vangi bath, rabri",585.92,28,Veg
Shami Kebab,"basmati rice, cabbage, thatte idli",113.78,48,Veg
Egg Bhurji,"sheera, pachadi, pasta, agar agar, honey, cabbage, chitranna",65.5,25,Non-Veg
Jalebi,"sheera, broccoli, bottle gourd, payasam, okra",619.07,32,Veg
Jalebi,"sheera, murukku, chhena, dum biryani, milk, double ka meetha, mozzarella",136.98,37,Veg
Veg Pulao,"cinnamon, chickpea, theeyal, black gram",73.09,46,Veg
Executive Thali,"holige, bobbatlu, bottle gourd, sesame seeds, bread, murukku",162.24,33,Veg
Mumbai Veg Jalfrezi,"kidney beans, basmati rice, puran poli, broccoli",583.06,5,Veg
Uttapam,"tahari, pumpkin, arrowroot, prawn biryani, neer dosa, melon seeds, beans",246.32,48,Veg
Egg Curry,"poornam, amrakhand, biryani masala, broccoli",103.95,6,Non-Veg
Falooda,"cinnamon, lime, carrot, fish biryani",561.74,47,Veg
Prawn Curry,"roti, spinach, poppy seeds, gelatin",553.06,20,Non-Veg
Papdi Chaat,"semolina, pink salt, lentil, soya granules, green chilli, cashew",266.9,25,Veg
Prawn Masala,"celery, bottle gourd, eggplant",513.39,25,Non-Veg
Royal Seekh Kebab,"thatte idli, lentil, bay leaf, red chilli",464.58,11,Veg
Thandai,"sago, malabar biryani, kadala curry, banana",357.68,30,Veg
Fresh Lime Soda,"puran poli, barfi, pineapple",162.13,5,Veg
Achari Tikka,"asafoetida, rabri, moru curry, rose water, kashmiri chilli, bobbatlu",106.08,8,Veg
Tandoori Platter,"pineapple, prawn, arrowroot, meat masala, coriander, jaggery",392.37,45,Veg
Tandoori Chaas,"soan papdi, holige, oil, lotus seeds, clove, paratha",644.46,16,Veg
Crispy Soya Tikka,"radish, dum biryani, eggplant, cumin seeds",180.59,15,Veg
Chana Masala,"potato, cauliflower, qubani ka meetha, coconut milk, grapes, roti, cucumber",50.66,6,Bread
Mixed Vegetables,"kashmiri pulao, apple, gujiya",697.13,14,Veg
Golden Egg Bhurji,"garam masala, gujiya, curry leaves",176.47,16,Non-Veg
Claypot Sharbat,"poriyal, mutton biryani, asafoetida",493.35,20,Veg
Mild Mango Lassi,"biryani rice, paneer bhurji, paneer, rose water, tamarind",599.05,15,Veg
Masala Chai,"maida, sesame seeds, sambar, banana, fenugreek, star anise, basundi",697.58,19,Veg
Curry Moong Dal Halwa,"avial, star anise, seitan, sesame seeds",383.59,15,Veg
Fruit Custard,"coconut rice, thatte idli, malabar biryani, amrakhand",649.37,41,Veg
Curry Pani Puri,"mustard seeds, halwa, mozzarella, coriander",354.93,32,Veg
Maharashtrian Non-Veg Thali,"chitranna, vermicelli, pomegranate, custard powder, coffee, rasam powder, fish",464.57,42,Veg
Hariyali Rajma Masala,"bay leaf, gelatin, beans, neer dosa, ginger",646.21,16,Dessert
Prawn Curry,"cornflour, tofu, chickpea",137.51,48,Non-Veg
Paneer Manchurian,"black pepper, shahi tukda, sour cream, bombay biryani, pomegranate, chocolate, seeraga samba rice",482.97,12,Veg
Paneer Tikka,"celery, alfredo sauce, tehari, fish masala",138.71,6,Veg
Fresh Lime Soda,"sona masoori rice, arrowroot, lucknowi biryani, kashmiri chilli, mint leaves, fenugreek",339.39,26,Veg
Aloo Paratha,"mutton biryani, ginger, lucknowi biryani, radish",348.25,41,Veg
Veg Frankie,"orange, cumin seeds, bread, aviyal, broccoli",554.79,25,Veg
Nani Ki Special Thali,"seeraga samba rice, coconut oil, malai",362.91,50,Veg
Soya Chaap,"sambar, mint leaves, flour, obbattu, mayonnaise, corn",406.73,36,Veg
Achari Paneer,"sambar, oats, fish biryani, kidney beans, curd rice, ghee rice, naan",229.1,27,Veg
Paneer Makhani,"shahi tukda, vangi bath, puliyogare, pomegranate, maida, lentil",580.92,26,Veg
Butter Samosa,"egg, lettuce, mezhukkupuratti, payasam",399.87,8,Veg
Rooh Afza,"pav bhaji masala, chole masala, hummus, sambar, tomato, maida, eggplant",371.9,32,Fast Food
Plain Naan,"coconut oil, black pepper, tempeh, jaiphal, patisa",373.17,11,Veg
Laccha Paratha,"quinoa, mutton biryani, noodles, turmeric, yogurt",97.88,48,Veg
Paneer Frankie,"lettuce, orange blossom water, sour cream, cinnamon, sago",567.12,35,Veg
Tangri Kebab,"cashew, semolina, peas pulao, basundi",154.55,29,Veg
Pav Bhaji,"patisa, ladoo, seeraga samba rice, chhena, soy chunks",74.89,7,Veg
Dal Bukhara,"moru curry, green gram, aviyal, green chutney, chocolate",109.88,31,Veg
Veg Frankie,"egg biryani, mysore pak, rabri, orange, black pepper",686.58,17,Veg
Dal Makhani,"celery, poppy seeds, chitranna, cornflour, peda, rose water",580.38,15,Veg
Ice Cream,"thoran, beans, tomato, patisa, sheera, rice",64.86,19,Veg
Chilli Chicken,"rasam, kewra water, pomegranate seeds, javitri",369.98,36,Non-Veg
Mughlai Rabri,"rasam powder, mango, beans, tamarind rice, mutton biryani, semolina",364.5,6,Veg
Mixed Vegetables,"onion, patisa, mysore pak, beans",426.89,46,Veg
Goan Chicken Soup,"seitan, radish, peas, patisa, shrikhand, clove, peda",178.42,22,Non-Veg
Celebration Chicken Lababdar,"capsicum, bombay biryani, mezhukkupuratti, paratha",396.76,31,Non-Veg
Minestrone Soup,"chicken masala, coconut rice, onion, puttu, mutton biryani, theeyal, sambar",627.85,30,Veg
Garlic Bread,"sesame seeds, bay leaf, karanji, pumpkin, byadgi chilli",121.16,13,Veg
Rajma Masala,"fenugreek, quinoa, chhena, cucumber, mutton biryani, biryani masala, bottle gourd",66.56,50,Main Course
Kerala Veg Crispy,"gelatin, balushahi, pasta, curry leaves, chakli",407.71,25,Veg
Golden Pongal,"ghee, bhatkali biryani, bisi bele bath, awadhi biryani",164.11,30,Veg
Sizzling Malai Kebab,"lucknowi biryani, coriander leaves, beans, barfi",637.14,26,Veg
Soya Tikka,"kashmiri pulao, chicken masala, pav bhaji masala, erissery, beans, mint chutney, oil",153.08,41,Veg
Chicken Momos,"kaalan, veg biryani, shankarpali, besan, milk",211.63,38,Non-Veg
Charcoal Roomali Roti,"soya granules, black pepper, chaat masala",471.54,14,Veg
Traditional Chicken Frankie,"peda, soy sauce, mayonnaise, honey",295.18,9,Non-Veg
Sweet Chicken Soup,"tofu, tamarind chutney, seitan, salsa",210.44,16,Non-Veg
Chicken Curry,"arrowroot, star anise, celery, roti, paneer",584.43,39,Non-Veg
Executive Thali,"prawn, cheddar, mosaru anna, puttu, poornam, lettuce, jaiphal",550.47,10,Veg
Badam Halwa,"bread, spinach, coffee",279.55,16,Veg
Galouti Kebab,"ambur biryani, vermicelli, white pepper, thoran, arrowroot, mustard oil",305.9,44,Veg
Mughlai Masala Fries,"chicken masala, naan, jaiphal, milk, meat masala",265.85,41,Veg
Veg Burger,"mint leaves, mezhukkupuratti, jeerakasala rice",650.68,6,Veg
Crispy Mushroom Manchurian,"coconut milk, curry leaves, paneer bhurji, chaat masala, moru curry",511.59,15,Veg
Paneer Bhurji,"khoya, schezwan sauce, kashmiri pulao, soy chunks, mayonnaise, elaichi",214.36,18,Veg
Fresh Lime Soda,"pasta, jaiphal, fish, soya granules, olan, tamarind chutney, moru curry",658.55,32,Veg
Rasmalai,"soy sauce, arrowroot, potato",483.69,14,Soup
Pav Bhaji,"qubani ka meetha, naan, pachadi, malai, garlic, amrakhand, chicken masala",569.3,8,Veg
Awadhi Pani Puri,"ghee, black salt, mutton biryani, tofu, rasam, butter, thoran",89.91,17,Veg
Pani Puri,"malpua, chickpea, tamarind, peas pulao, elaichi, sago, fish",240.86,38,Veg
Mushroom Tikka,"sambar powder, yogurt dip, tamarind rice, alfredo sauce, rice, sea salt",570.64,7,Veg
Paneer Manchurian,"cardamom, tamarind rice, semolina, lime, oil, puran poli",510.86,37,Veg
Ice Cream,"modak, jaiphal, rasam, kidney beans, avial, black gram",256.91,13,Veg
Veg Burger,"dry mango powder, bay leaf, double ka meetha, ladoo, black salt, bisi bele bath, mayonnaise",459.24,17,Veg
Crispy Fruit Custard,"black salt, syrup, amrakhand, fenugreek, schezwan sauce, bottle gourd",617.92,35,Veg
Wedding Egg Biryani,"guntur chilli, soy sauce, kewra water, besan",499.33,21,Non-Veg
Aromatic Sharbat,"mango, marinara sauce, quinoa, mezhukkupuratti, besan",573.96,17,Veg
Tandoori Momos,"thayir sadam, basmati rice, theeyal",84.88,21,Veg
Paneer Tikka,"mughlai biryani, javitri, theeyal",649.05,38,Veg
Chicken Curry,"noodles, appam, chicken masala, barfi",498.3,31,Non-Veg
Steamed Rice,"egg, wheat, seeraga samba rice, peas pulao, babycorn, awadhi biryani, tahari",257.12,46,Veg
Chicken Tikka,"ginger, broccoli, ghee",219.71,33,Non-Veg
Dhaba Veg Kolhapuri,"coconut rice, shrikhand, garam masala, lentil",325.54,48,Veg
Punjabi Shahi Paneer,"cucumber, rice, celery",195.79,17,Veg
Cheese Frankie,"green chutney, halwa, poornam, almond",158.79,50,Veg
Garlic Naan,"tamarind, cabbage, meat masala, mosaru anna, maida, kashmiri pulao, olan",304.18,24,Veg
Dum Mixed Vegetables,"eggplant, pav bhaji masala, banana, pasta, celery, syrup, grapes",422.42,40,Veg
Street Style Rose Milk,"oats, pulissery, chettinad biryani, khoya, mustard seeds, cream, orange blossom water",503.08,44,Veg
Tikka Mushroom Manchurian,"kashmiri chilli, rasam, pesto, capsicum, patisa, gujiya, paneer",450.94,12,Veg
Margherita,"basundi, mozzarella, sour cream, malai, peas pulao, syrup",125.0,33,Soup
Biryani Veg Frankie,"halwa, tofu, peas, jaiphal, roti, soy sauce, spinach",363.72,16,Veg
Rajma Masala,"curry leaves, imarti, besan",235.09,7,Main Course
Veg Roll,"qubani ka meetha, jeerakasala rice, soan papdi, yogurt dip",198.11,28,Veg
Claypot Paneer Tikka,"malai, tamarind chutney, gujiya, pink salt, wheat, honey",675.69,33,Veg
Chilli Paneer,"black salt, peas pulao, red chilli powder",103.05,46,Veg
Paneer Momos,"cabbage, grapes, ghee rice, bhatkali biryani, tempeh",220.01,23,Veg
Hyderabadi Veg Burger,"javitri, peas, alfredo sauce, bay leaf, thayir sadam, cucumber",376.6,26,Veg
Maa Ki Thali,"sambar powder, oil, dindigul biryani",223.92,48,Veg
Veg Kolhapuri,"soy chunks, spring onion, bhatkali biryani, semolina",482.15,37,Veg
Dosa,"eggplant, arrowroot, fish biryani, garlic",415.06,21,Veg
Baby Corn Manchurian,"cornflour, neer dosa, tomato rice, chicken, mayonnaise, mustard sauce",110.18,34,Veg
Hot Chicken Curry,"tomato, mysore pak, meat masala, cream, tehari, raisin",523.78,9,Non-Veg
Dhaba Style Mini Thali,"butter, fenugreek, modak, avial, chakli",669.38,25,Veg
Fresh Pakora,"grapes, avial, cream, coconut rice, sour cream, puttu, cumin",604.97,15,Veg
Dal Tadka,"malai, soya granules, kewra water, coconut rice, avial, neer dosa, peas pulao",492.2,6,Veg
Mild Chocolate Brownie,"soy sauce, kewra water, fenugreek, avial, tempeh, olan, rose water",264.21,48,Veg
Egg Bhurji,"mutton biryani, mushroom, sour cream, prawn",361.67,15,Non-Veg
Honey Chilli Potato,"pasta, agar agar, hyderabadi biryani, cream, sugar",418.04,30,Veg
Paneer Manchurian,"pineapple, honey, hyderabadi biryani, lime, kaalan, sindhi biryani",487.13,35,Veg
Manchow Soup,"sour cream, bisi bele bath, tea, poppy seeds",235.12,48,Veg
Dahi Bhalla,"white pepper, cream, red chilli powder, mango, green gram, biryani masala",695.14,41,Veg
Aloo Tikki,"mustard seeds, imarti, salt, tofu, avial",307.13,15,Veg
Tandoori Steamed Rice,"strawberry, gujiya, honey, coriander leaves, pineapple, dindigul biryani, lemon",231.16,41,Veg
Gobi Paratha,"orange, kidney beans, chhena, holige, basmati rice, chicken, maida",398.32,12,Veg
Margherita,"syrup, tamarind, dry mango powder, salsa, wheat",109.23,13,Dessert
Thali,"mint leaves, ragi idli, jaiphal, cardamom, tamarind chutney, shrikhand, rasam",188.09,39,Veg
Kulfi,"puran poli, dum biryani, curd rice, chaat masala",302.13,7,Veg
Rajasthani Sweet Corn Soup,"sugar, tofu, holige, mint chutney, coconut oil, tahari, bisi bele bath",246.77,33,Veg
Zesty Veg Frankie,"garlic, green gram, black salt, barfi",455.52,43,Veg
Grand Cheese Momos,"lime, kadala curry, chhena",153.56,21,Veg
Chicken Soup,"cucumber, carrot, bhatkali biryani, chicken masala, lemon, poornam, cashew",328.51,11,Non-Veg
South Indian Upma,"star anise, banana, gujiya, milk, malai, peas pulao, basundi",294.8,31,Veg
Paneer Momos,"malabar biryani, roti, celery",413.39,39,Veg
Curry Upma,"soya granules, prawn biryani, seitan, coriander chutney",221.43,50,Veg
Heavenly Papdi Chaat,"cucumber, tea, mosaru anna",354.43,38,Veg
Chicken Soup,"sour cream, seitan, cucumber, tamarind rice, tamarind chutney, salt",605.65,36,Non-Veg
Upma,"orange, peas, bombay biryani, soy sauce, coconut milk, modak",207.18,19,Veg
Gobi Paratha,"dry mango powder, thoran, thatte idli, apple, orange, puttu",341.37,14,Veg
Authentic Chicken Roll,"kaalan, soan papdi, payasam, chickpea",57.19,30,Non-Veg
Paneer Manchurian,"bhatkali biryani, kadala curry, bread, kidney beans, oats",463.04,11,Veg
Maharashtrian Paneer Korma,"wheat, basmati rice, coffee, mustard sauce",395.72,13,Veg
Mughlai Special Thali,"black pepper, lemon, tehari, dindigul biryani, sambar powder",469.51,36,Veg
Schezwan Noodles,"malai, salt, tamarind rice, sambar, kadala curry, pomegranate",659.63,44,Veg
Aloo Gobi,"coconut milk, seitan, quinoa, yogurt dip, sambar powder, egg biryani, honey",407.51,37,Veg
Tandoori Platter,"pav bhaji masala, ragi idli, cumin, sambar powder, besan",562.66,30,Veg
Paneer Pasanda,"imarti, chocolate, shrikhand, orange, pachadi",123.55,16,Veg
Veggie Delight Pizza,"coconut rice, sambar, wheat, yogurt dip, pomegranate, besan, honey",584.62,35,Veg
Chicken Roll,"cinnamon, pachadi, arrowroot, yogurt dip, puttu",233.64,16,Non-Veg
Madras Vada Pav,"sambar powder, pachadi, payasam, besan",290.88,47,Veg
Prawn Masala,"malabar biryani, mustard oil, mosaru anna, biryani masala, bread",291.14,38,Non-Veg
Chicken Tikka,"pomegranate, kadala curry, sambar, besan, orange blossom water",312.52,17,Non-Veg
Chicken Manchurian,"ragi idli, pachadi, mosaru anna, honey, cumin, cumin seeds",623.35,43,Non-Veg
Hyderabadi Biryani,"ragi idli, pachadi, sambar, cumin",524.92,46,Veg
Rajasthani Veg Crispy,"sambar powder, payasam, cumin, besan",294.09,46,Veg
Tangy Pav Bhaji,"pachadi, mosaru anna, honey, cumin, besan",160.9,13,Veg
Kashmiri Pulao,"pachadi, sambar, cumin, besan, honey",289.64,35,Veg
Mutton Rogan Josh,"sambar powder, payasam, cumin, besan",443.52,22,Non-Veg
Fish Curry,"pachadi, mosaru anna, honey, cumin, besan",386.18,33,Non-Veg
Egg Curry,"sambar, cumin, besan, honey",220.47,15,Non-Veg
Paneer Butter Masala,"mosaru anna, cumin, besan, honey",580.92,26,Veg
Dal Makhani,"cumin, besan, honey",384.64,42,Veg
Chana Masala,"besan, honey",621.03,9,Veg
Aloo Jeera,"honey",288.22,7,Main Course
Veg Samosa,"sugar, milk, cashew, spinach, paneer, yogurt",230.75,5,Veg
Chicken 65,"egg, tomato, spinach, milk, sugar, cauliflower",594.92,29,Non-Veg
Paneer Pakora,"okra, yogurt, mushroom, garlic, rice, chicken",406.74,33,Veg
Paneer Do Pyaza,"egg, fish, capsicum, potato, garlic",255.37,15,Veg
Hara Bhara Kebab,"tomato, capsicum",510.03,14,Main Course
Fresh Lime Water,"capsicum, sugar",197.51,42,Beverage
Mango Kulfi,"rice, cashew",296.3,11,Dessert
Dal Tadka,"fish, noodles, rice, egg, spices, flour",357.32,21,Veg
Chicken Biryani,"fish, okra",314.35,9,Non-Veg
Chicken Tikka Masala,"egg, rice, lentils, tomato, mushroom, paneer",503.95,35,Non-Veg
Dal Makhani,"cashew, rice, tomato, fish, sugar",485.13,38,Veg
Aloo Jeera,"fish, cashew",223.58,16,Veg
Paneer Do Pyaza,"noodles, sugar",247.6,16,Veg
Cheese Corn Balls,"butter, mushroom, chicken, rice",322.31,31,Main Course
Fresh Lime Water,"rice, onion",460.33,41,Beverage
Mini Thali,"spices, cauliflower, tomato, capsicum, yogurt",410.47,26,Combo
Mix Veg,"chicken, cauliflower, rice",494.89,32,Veg
Chana Masala,"egg, chicken, spices, rice, mango, cashew",617.34,24,Veg
Hot Coffee,"yogurt, egg, lentils, cauliflower, okra, garlic",323.88,11,Beverage
Methi Malai Paneer,"butter, garlic",637.74,18,Veg
Papdi Chaat,"milk, mango",567.93,35,Main Course
Jeera Rice,"spices, garlic, okra, potato, spinach, butter",329.15,26,Main Course
Paneer Tikka,"egg, fish, cream, yogurt",494.31,24,Starter
Non-Veg Thali,"capsicum, rice, fish, butter, cashew, chicken",248.93,12,Veg
Cold Coffee,"cream, egg, rose water",613.1,34,Beverage
Fish Curry,"okra, capsicum",133.04,17,Non-Veg
Chana Masala,"mushroom, yogurt, spices, potato, milk",347.33,22,Veg
Rice Pudding,"okra, cashew, spinach, mango",513.3,16,Main Course
Mini Thali,"spices, fish, noodles, sugar, egg",374.66,20,Combo
Prawn Masala,"mango, noodles",582.35,8,Non-Veg
Chocolate Brownie,"spices, garlic, lentils",401.98,29,Dessert
Butter Chicken,"okra, capsicum",649.78,44,Non-Veg
Malai Kofta,"okra, cashew, rose water, lentils",522.94,23,Main Course
Jeera Rice,"mango, spices, garlic, egg, mushroom, cashew",446.8,15,Main Course
Chicken Biryani,"chicken, rose water, onion, yogurt, paneer, rice",309.03,32,Non-Veg
Chicken 65,"okra, chicken, paneer, capsicum",558.53,26,Non-Veg
Palak Paneer,"capsicum, cauliflower, egg, fish",194.83,6,Veg
Kheer,"spinach, sugar",210.45,23,Dessert
Veg Samosa,"spinach, okra, yogurt, mango",241.89,18,Veg
Ras Malai,"chicken, yogurt",196.3,34,Dessert
Tandoori Chicken,"noodles, milk, flour, onion, capsicum, rice",127.51,25,Non-Veg
Papdi Chaat,"sugar, spinach, potato, flour, mushroom, cream",594.66,38,Main Course
Chilli Paneer,"cashew, mango, okra, potato, mushroom, butter",448.79,26,Veg
Mushroom 65,"fish, okra, spices, lentils, onion",556.96,25,Veg
Malai Kofta,"milk, onion, butter, potato, cashew, egg",430.45,7,Main Course
Green Tea,"cream, flour, rose water",579.73,6,Beverage
Mutton Rogan Josh,"mango, cauliflower, yogurt, spinach, potato",181.12,20,Non-Veg
Fruit Custard,"cauliflower, chicken, cream, spices, paneer",633.48,12,Dessert
Mango Kulfi,"cashew, flour, okra, milk, rice, paneer",398.72,12,Dessert
Aloo Jeera,"mushroom, onion, capsicum, paneer",516.17,27,Veg
Chana Masala,"noodles, tomato, okra, chicken, paneer",405.56,12,Veg
Fish Amritsari,"spices, potato, fish, rice, tomato",522.99,6,Non-Veg
Dinner Special,"cauliflower, rice, garlic, fish, mango",603.93,27,Combo
Mini Thali,"rice, rose water",396.88,8,Combo
Palak Paneer,"butter, cauliflower, potato",131.55,22,Veg
Tandoori Platter,"mushroom, spices, spinach, butter",529.15,24,Combo
Chana Masala,"rose water, spinach, yogurt, mushroom",114.26,31,Veg
Veg Thali,"spinach, milk",630.89,29,Veg
Cheese Corn Balls,"cauliflower, cashew, lentils",303.89,5,Main Course
Chicken Tikka,"rice, chicken",459.3,32,Non-Veg
Cheese Corn Balls,"mushroom, spinach, fish, yogurt, rice",336.49,37,Main Course
Methi Malai Paneer,"egg, paneer, fish, mushroom",647.37,42,Veg
Chicken Tikka,"sugar, potato, chicken",328.66,20,Non-Veg
Chicken Vindaloo,"mushroom, cream, chicken, capsicum, mango",486.89,29,Non-Veg
Fish Curry,"mushroom, paneer, spinach, rose water, egg",640.85,9,Non-Veg
Masala Chai,"sugar, paneer, noodles, mushroom, potato, chicken",399.0,10,Beverage
Jalebi,"noodles, spices, onion, fish, tomato",173.1,42,Dessert
Palak Paneer,"lentils, paneer, cauliflower, potato",364.96,12,Veg
Chicken 65,"rice, capsicum, flour",459.03,28,Non-Veg
Vegetable Korma,"egg, spices, spinach, okra",182.09,9,Veg
Paneer Tikka,"cream, mushroom, butter, flour, egg",457.55,21,Starter
Fruit Custard,"butter, tomato, mango, mushroom",521.47,38,Dessert
Tandoori Chicken,"cauliflower, sugar, mushroom, cream",135.97,29,Non-Veg
Dal Makhani,"tomato, flour, mushroom, spinach, capsicum",352.0,16,Veg
Dinner Special,"cream, fish, rice, noodles",250.01,29,Combo
Gulab Jamun,"milk, spinach, cashew, okra",638.21,10,Dessert
Veg Thali,"mango, lentils, onion",377.29,29,Veg
Palak Paneer,"mushroom, rose water",323.36,20,Veg
Papdi Chaat,"chicken, paneer, mango, yogurt",106.0,35,Main Course
Rose Milk,"flour, garlic, okra",391.57,17,Beverage
Bhindi Masala,"rice, onion, spices",112.36,11,Veg
Fish Amritsari,"tomato, capsicum, garlic",287.7,6,Non-Veg
Mini Thali,"spices, chicken",238.92,28,Combo
Fish Amritsari,"butter, spices, cashew, fish, potato, lentils",579.7,21,Non-Veg
Kheer,"potato, lentils, chicken, mango",625.03,6,Dessert
Kadai Paneer,"rice, paneer, cashew",580.43,15,Veg
Onion Bhaji,"mushroom, mango, capsicum",201.76,11,Main Course
Fresh Lime Water,"sugar, butter",561.71,19,Beverage
Veg Samosa,"butter, mango, yogurt, onion",463.13,28,Veg
Fish Amritsari,"egg, cauliflower, rice, tomato, garlic, rose water",374.92,8,Non-Veg
Shahi Paneer,"tomato, butter",329.33,18,Veg
Tandoori Chicken,"butter, mushroom, spinach, milk",612.26,10,Non-Veg
Egg Curry,"paneer, spices",532.22,40,Non-Veg
Butter Chicken,"mango, paneer",445.02,13,Non-Veg
Rose Milk,"spices, onion, egg, okra",575.32,34,Beverage
Malai Kofta,"potato, okra, garlic",280.25,21,Main Course
Ras Malai,"rice, mushroom, cashew, okra, chicken",117.07,12,Dessert
Veg Samosa,"rice, cashew, potato",120.04,11,Veg
Cheese Corn Balls,"yogurt, okra, rose water, mushroom",121.52,21,Main Course
Gajar Halwa,"rice, cauliflower, fish, flour, mushroom",223.11,34,Dessert
Prawn Masala,"mushroom, potato",322.73,39,Non-Veg
Chicken 65,"garlic, spices, cream, fish, lentils, spinach",173.0,26,Non-Veg
Rice Pudding,"cashew, noodles, tomato, yogurt",100.0,31,Main Course
Hara Bhara Kebab,"rose water, egg, cauliflower, tomato, capsicum, okra",349.95,13,Main Course
Fish Amritsari,"rice, lentils, flour, paneer, milk",519.05,39,Non-Veg
Bhindi Masala,"spices, noodles",253.82,33,Veg
Dal Tadka,"garlic, flour, egg, sugar, rose water, paneer",182.83,28,Veg
Family Combo,"spices, cashew",133.18,35,Combo
Mutton Rogan Josh,"cauliflower, lentils, cream",250.91,13,Non-Veg
Dal Makhani,"tomato, noodles",365.57,27,Veg
Mango Kulfi,"egg, noodles, chicken, butter, mushroom",295.33,17,Dessert
Mutton Rogan Josh,"noodles, okra, rice",85.32,23,Non-Veg
Lemon Soda,"yogurt, spinach, paneer, cashew, fish",335.8,9,Beverage
Mushroom 65,"yogurt, lentils",632.06,28,Veg
Executive Lunch,"cream, milk, butter, sugar, garlic",642.0,45,Combo
Jalebi,"paneer, rose water, sugar",503.47,14,Dessert
Butter Milk,"cauliflower, sugar",514.96,45,Beverage
Cheese Corn Balls,"cauliflower, cashew, lentils",303.89,5,Main Course
Chocolate Brownie,"mushroom, spinach, flour",440.58,5,Dessert
Hara Bhara Kebab,"milk, butter, chicken",284.05,40,Main Course
Paneer Butter Masala,"lentils, spices, mango",512.72,29,Veg
Ras Malai,"sugar, rice",613.86,18,Dessert
Lemon Soda,"spices, fish, noodles, mango, rose water",440.21,9,Beverage
Aloo Jeera,"onion, cream, egg, fish",489.02,28,Veg
Onion Bhaji,"okra, noodles, paneer, tomato",140.29,43,Main Course
Butter Chicken,"okra, capsicum, sugar",380.55,41,Non-Veg
Paneer Do Pyaza,"flour, tomato",109.36,20,Veg
Mango Lassi,"rice, flour, chicken, fish",138.82,25,Beverage
Tandoori Chicken,"potato, milk",428.06,36,Non-Veg
Veg Samosa,"noodles, sugar, butter, capsicum, yogurt",218.18,14,Veg
Aloo Gobi,"capsicum, cream, onion, egg, rice",624.83,17,Veg
Palak Paneer,"yogurt, lentils, cashew, onion",250.76,10,Veg
Kheer,"potato, fish, sugar, rose water",293.71,38,Dessert
Hara Bhara Kebab,"butter, milk, lentils, spices, cashew, sugar",522.29,29,Main Course