Dish Name	Ingredients Used	Price	Time Consumed	Menu Group
FoodC_S0G9G3	fish, lentils, oregano, basil	940.95	9	Non-Veg
FoodC_AERP9W	fish, tomato, beef, capsicum	1058.45	7	Main Course
FoodC_FM6J3L	yogurt, lentils, oregano, potato	986.09	28	Beverage
FoodC_1JOK09	paneer, potato, mushroom, rice	310.41	5	Veg
FoodC_1N16VK	pepper, yogurt, capsicum, onion	594.0	22	Veg
FoodC_NK239F	onion, lentils, flour, fish	417.41	34	Non-Veg
FoodC_SGQS6O	chicken, paneer, spinach, potato	1104.4	27	Dessert
FoodC_6TMGPF	broccoli, mushroom, lentils, fish	420.84	27	Combo
FoodC_IDO1XD	broccoli, cream, rice, onion	308.45	36	Main Course
FoodC_3BY4TM	beef, carrot, capsicum, rice	499.64	14	Veg
FoodC_OTHL0F	lentils, fish, tomato, pepper	850.06	44	Main Course
FoodC_KY7SU1	lentils, onion, rice, butter	618.26	45	Veg
FoodC_1LDXNP	butter, mushroom, capsicum, spinach	1083.62	35	Beverage
FoodC_AWTVTN	paneer, basil, mushroom, beef	1144.8	33	Combo
FoodC_MR4TR5	paneer, chicken, pepper, carrot	688.25	30	Veg
FoodC_JVU3VX	butter, chicken, corn, spinach	932.13	22	Combo
FoodC_PCE6IK	butter, beef, flour, fish	336.62	5	Beverage
FoodC_XJN4FR	tomato, rice, pepper, potato	903.99	30	Veg
FoodC_WQ466J	lentils, cream, mushroom, beef	1066.81	21	Non-Veg
FoodC_XUVE2O	spinach, oregano, flour, onion	1155.28	16	Main Course
FoodC_NQR4YX	mushroom, lentils, fish, tomato	419.03	19	Dessert
FoodC_92X8SS	rice, flour, beef, tomato	255.62	29	Beverage
FoodC_6FNAEM	carrot, butter, paneer, flour	934.35	29	Veg
FoodC_ZYAZ3G	lentils, flour, butter, carrot	764.04	27	Veg
FoodC_X36DNP	onion, lentils, tomato, basil	921.96	34	Combo
FoodC_J2YP5W	tomato, capsicum, mushroom, oregano	547.1	28	Beverage
FoodC_PAK98N	butter, basil, capsicum, paneer	340.21	42	Main Course
FoodC_CNKKRE	broccoli, basil, capsicum, rice	1133.45	28	Dessert
FoodC_ATRBRU	paneer, fish, tomato, cream	1086.79	17	Beverage
FoodC_E6OM3F	paneer, yogurt, carrot, pepper	626.0	39	Veg
FoodC_5TA61M	corn, tomato, basil, beef	427.34	42	Main Course
FoodC_DYNLRX	potato, rice, carrot, tomato	174.6	32	Main Course
FoodC_KYUOYS	flour, spinach, beef, tomato	651.56	29	Dessert
FoodC_WSXSF1	paneer, spinach, lentils, beef	896.1	33	Veg
FoodC_G3GATO	spinach, corn, pepper, oregano	995.45	17	Dessert
FoodC_IHGP10	mushroom, potato, chicken, corn	479.49	11	Combo
FoodC_4RYA5S	cream, onion, yogurt, flour	274.96	31	Combo
FoodC_5VM7OU	flour, lentils, basil, butter	1178.02	36	Veg
FoodC_2OFT80	broccoli, flour, potato, paneer	256.36	14	Veg
FoodC_F2Z41P	broccoli, spinach, beef, carrot	159.05	10	Veg
FoodC_ABDNB3	corn, pepper, spinach, cream	1159.64	25	Beverage
FoodC_FT9K11	corn, fish, pepper, basil	507.38	15	Main Course
FoodC_NW3NZ0	tomato, capsicum, spinach, cream	694.67	8	Main Course
FoodC_TOFK7U	beef, fish, potato, rice	219.99	9	Veg
FoodC_5UYJLH	paneer, chicken, lentils, corn	569.13	28	Main Course
FoodC_VVVHEO	capsicum, carrot, lentils, corn	1071.13	40	Main Course
FoodC_IKOYYW	mushroom, beef, fish, butter	818.66	24	Main Course
FoodC_8KU5BM	broccoli, mushroom, pepper, potato	1064.8	17	Veg
FoodC_LTWSFI	fish, beef, flour, capsicum	288.69	35	Combo
FoodC_CNW9EQ	capsicum, yogurt, lentils, flour	269.78	18	Veg
FoodC_HOU5US	cream, rice, fish, potato	1026.92	23	Main Course
FoodC_5QBBIA	rice, capsicum, cream, lentils	852.69	5	Non-Veg
FoodC_J7M012	fish, onion, mushroom, flour	968.8	12	Non-Veg
FoodC_BT2BNC	fish, pepper, paneer, basil	524.94	24	Combo
FoodC_ZE26JE	mushroom, yogurt, lentils, flour	857.84	30	Dessert
FoodC_N4YIHK	fish, basil, tomato, rice	570.01	38	Combo
FoodC_JW6PES	oregano, carrot, capsicum, paneer	988.11	42	Beverage
FoodC_V4W1RV	capsicum, cream, corn, lentils	453.9	39	Main Course
FoodC_N4JZX0	spinach, pepper, corn, onion	691.42	38	Non-Veg
FoodC_8I83CJ	basil, fish, chicken, oregano	887.03	11	Beverage
FoodC_T9JKX8	butter, carrot, lentils, pepper	191.15	16	Main Course
FoodC_6NW1Z0	flour, tomato, broccoli, beef	865.0	11	Dessert
FoodC_X5PCQY	broccoli, cream, potato, rice	1188.26	28	Main Course
FoodC_JFOYTN	carrot, butter, rice, paneer	730.3	12	Dessert
FoodC_OS2ZNH	corn, tomato, paneer, potato	1014.07	35	Combo
FoodC_L3HAWI	fish, flour, onion, tomato	408.62	13	Beverage
FoodC_9JJP4M	basil, carrot, fish, corn	210.78	32	Beverage
FoodC_6ICD2T	paneer, cream, basil, fish	724.54	17	Beverage
FoodC_G75FJV	spinach, mushroom, beef, pepper	1040.56	20	Main Course
FoodC_SD7PIT	beef, chicken, cream, broccoli	1124.37	20	Dessert
FoodC_2C4DZR	basil, onion, broccoli, capsicum	624.38	36	Beverage
FoodC_OTYKX5	butter, oregano, pepper, onion	589.27	9	Non-Veg
FoodC_WPXJJG	capsicum, onion, carrot, lentils	188.71	11	Beverage
FoodC_UD6MGY	cream, chicken, paneer, rice	638.35	6	Dessert
FoodC_U1P3MO	chicken, spinach, rice, tomato	985.51	19	Beverage
FoodC_HJ6AFB	broccoli, mushroom, capsicum, yogurt	264.24	6	Dessert
FoodC_GAW3CU	rice, broccoli, cream, butter	668.38	9	Main Course
FoodC_QGKZOV	lentils, tomato, carrot, chicken	774.49	40	Beverage
FoodC_258DXI	fish, spinach, beef, pepper	1177.72	10	Main Course
FoodC_QVPMYN	onion, carrot, cream, basil	275.8	32	Beverage
FoodC_UZ767C	cream, chicken, rice, corn	995.29	8	Combo
FoodC_4DO0MB	cream, spinach, yogurt, flour	1196.32	25	Main Course
FoodC_UGLE3S	potato, chicken, paneer, cream	1047.17	10	Non-Veg
FoodC_ZA8EOU	mushroom, capsicum, rice, oregano	262.61	8	Non-Veg
FoodC_AGCD4K	chicken, tomato, yogurt, carrot	342.56	26	Beverage
FoodC_9NB8M0	paneer, beef, corn, basil	404.03	38	Non-Veg
FoodC_VDZTNM	chicken, onion, corn, cream	205.34	29	Main Course
FoodC_JR1OLI	beef, capsicum, pepper, rice	296.01	29	Beverage
FoodC_LFGL9M	rice, corn, basil, carrot	873.56	45	Dessert
FoodC_VYQYSQ	tomato, corn, paneer, flour	450.48	6	Veg
FoodC_JPKDCH	lentils, potato, fish, flour	158.23	36	Beverage
FoodC_CKOKQ5	broccoli, beef, rice, carrot	1162.42	12	Non-Veg
FoodC_EGE20M	rice, yogurt, oregano, basil	186.34	26	Veg
FoodC_SIRBQ8	rice, broccoli, onion, corn	375.9	25	Main Course
FoodC_IA7CF8	paneer, beef, rice, chicken	501.88	28	Main Course
FoodC_WXRBBJ	potato, chicken, spinach, paneer	732.15	20	Beverage
FoodC_H4XYJM	corn, flour, cream, chicken	670.76	27	Dessert
FoodC_NOPS7Z	basil, chicken, spinach, potato	324.17	30	Veg
FoodC_YMY2SJ	paneer, yogurt, flour, chicken	1138.7	39	Non-Veg
FoodC_L3ZC3D	butter, carrot, paneer, capsicum	545.12	40	Dessert
FoodC_36WBY5	beef, yogurt, oregano, rice	379.32	39	Dessert
FoodC_7BB73I	paneer, fish, basil, lentils	1115.97	7	Dessert
FoodC_0WISH7	capsicum, mushroom, beef, carrot	998.98	30	Beverage
FoodC_5JT3SE	pepper, corn, spinach, basil	177.04	15	Non-Veg
FoodC_BWUQS0	cream, paneer, broccoli, pepper	1116.72	28	Non-Veg
FoodC_X9TUXX	carrot, pepper, fish, yogurt	240.32	26	Beverage
FoodC_GJGABX	pepper, capsicum, beef, carrot	239.59	38	Main Course
FoodC_9KAO98	rice, flour, potato, cream	712.76	20	Dessert
FoodC_VLO5LO	mushroom, oregano, pepper, onion	172.51	29	Non-Veg
FoodC_6IHUON	fish, potato, paneer, rice	964.07	18	Main Course
FoodC_TYJJ2N	paneer, potato, oregano, mushroom	736.85	7	Combo
FoodC_X7UCSP	potato, butter, fish, cream	555.22	24	Non-Veg
FoodC_7KK7Z6	paneer, flour, capsicum, pepper	167.53	39	Non-Veg
FoodC_83ILCL	butter, fish, potato, tomato	799.22	13	Veg
FoodC_CZRHXB	rice, broccoli, spinach, oregano	615.31	44	Dessert
FoodC_ZU9FHL	paneer, rice, butter, lentils	656.38	31	Combo
FoodC_IGSR0L	paneer, broccoli, rice, beef	266.37	15	Main Course
FoodC_8NY04Q	carrot, flour, cream, spinach	1173.49	30	Non-Veg
FoodC_GLH9WU	fish, potato, paneer, lentils	625.07	5	Beverage
FoodC_0AS76X	spinach, butter, broccoli, mushroom	388.16	8	Veg
FoodC_77Y23U	spinach, yogurt, chicken, tomato	1156.71	42	Dessert
FoodC_VCHNA5	cream, capsicum, lentils, onion	915.9	14	Veg
FoodC_HDI4K7	oregano, fish, beef, carrot	473.0	24	Non-Veg
FoodC_49OTRE	fish, butter, basil, mushroom	727.14	9	Dessert
FoodC_YRCE91	corn, onion, butter, tomato	652.15	9	Beverage
FoodC_I1X2U7	spinach, butter, rice, capsicum	1149.3	34	Non-Veg
FoodC_K18WB5	mushroom, potato, cream, beef	1119.89	28	Veg
FoodC_Y78RPU	fish, cream, mushroom, flour	1039.28	23	Veg
FoodC_KCLM0R	butter, tomato, paneer, flour	1020.42	38	Combo
FoodC_HDKXGE	broccoli, butter, oregano, pepper	916.97	9	Main Course
FoodC_NV3XJ1	carrot, spinach, rice, oregano	671.34	6	Beverage
FoodC_TOARJJ	beef, mushroom, carrot, pepper	941.36	38	Beverage
FoodC_2BR4HI	carrot, chicken, capsicum, mushroom	749.0	24	Main Course
FoodC_WXWHON	fish, spinach, potato, lentils	472.72	5	Dessert
FoodC_O9QDQE	oregano, mushroom, beef, chicken	523.67	6	Combo
FoodC_0JMJL1	corn, pepper, rice, beef	161.29	16	Non-Veg
FoodC_FAFJ3I	lentils, beef, potato, corn	413.28	35	Veg
FoodC_E8X3FD	paneer, broccoli, tomato, oregano	806.34	41	Beverage
FoodC_X9ARKO	broccoli, rice, chicken, cream	716.88	14	Beverage
FoodC_K0IYX9	capsicum, mushroom, oregano, spinach	381.94	43	Veg
FoodC_B14XCR	cream, potato, yogurt, rice	329.46	22	Dessert
FoodC_A9SC2U	broccoli, oregano, spinach, mushroom	698.31	15	Combo
FoodC_Q146PF	pepper, spinach, carrot, potato	267.32	13	Combo
FoodC_PUGCYZ	beef, basil, mushroom, onion	699.96	17	Combo
FoodC_GLFDCO	yogurt, pepper, mushroom, beef	999.48	17	Veg
FoodC_KSSMBA	capsicum, rice, fish, flour	379.44	15	Beverage
FoodC_W5GFJP	flour, fish, broccoli, mushroom	606.16	37	Main Course
FoodC_YAVR21	spinach, mushroom, basil, butter	224.14	10	Combo
FoodC_QGK93V	chicken, fish, capsicum, pepper	1080.95	29	Non-Veg
FoodC_FGUP4K	paneer, chicken, capsicum, fish	1152.57	20	Dessert
FoodC_5FW5MY	yogurt, potato, basil, butter	502.27	21	Main Course
FoodC_R9KUUN	cream, yogurt, pepper, butter	1036.1	41	Main Course
FoodC_5YCIU6	flour, broccoli, potato, lentils	1180.92	37	Dessert
FoodC_YXNHOW	spinach, onion, tomato, paneer	493.63	27	Dessert
FoodC_DQKFE5	corn, paneer, mushroom, tomato	1032.73	17	Main Course
FoodC_HFF8ZV	cream, rice, paneer, tomato	373.06	21	Main Course
FoodC_LZLI3C	butter, chicken, mushroom, corn	182.97	26	Beverage
FoodC_SWHB0S	flour, corn, beef, rice	327.94	32	Veg
FoodC_1AG6IN	chicken, onion, yogurt, paneer	391.24	45	Veg
FoodC_NQF01C	broccoli, flour, pepper, oregano	402.72	18	Non-Veg
FoodC_7U4P5G	potato, tomato, yogurt, broccoli	350.52	31	Veg
FoodC_Y4AHS1	basil, tomato, flour, onion	297.72	21	Veg
FoodC_O0DXI5	broccoli, mushroom, carrot, potato	797.1	9	Non-Veg
FoodC_WW52IZ	onion, butter, fish, capsicum	851.35	31	Combo
FoodC_XAFLEV	fish, yogurt, cream, onion	622.36	16	Combo
FoodC_8DN2IH	carrot, chicken, cream, capsicum	508.26	24	Combo
FoodC_BEYMDL	corn, chicken, basil, butter	399.81	10	Main Course
FoodC_HFRJ8J	fish, flour, lentils, capsicum	355.63	14	Beverage
FoodC_FI5DUG	oregano, onion, corn, flour	230.55	17	Veg
FoodC_5JEX0N	tomato, onion, capsicum, yogurt	1020.36	38	Main Course
FoodC_UK8UR4	pepper, potato, broccoli, rice	570.41	28	Main Course
FoodC_XY846D	yogurt, fish, carrot, rice	494.42	27	Main Course
FoodC_VOXREC	fish, beef, mushroom, rice	256.96	6	Veg
FoodC_R7PZUC	cream, flour, paneer, carrot	976.27	7	Dessert
FoodC_E6WEPR	capsicum, butter, tomato, chicken	1154.94	27	Non-Veg
FoodC_92N9D3	butter, pepper, rice, yogurt	840.59	15	Combo
FoodC_Z8FKRB	tomato, potato, onion, basil	916.58	21	Combo
FoodC_YXITDN	pepper, beef, oregano, yogurt	773.5	24	Beverage
FoodC_GOTN4C	butter, flour, paneer, rice	256.16	35	Beverage
FoodC_8LXKR5	mushroom, carrot, pepper, oregano	1040.18	35	Combo
FoodC_E0ZLIE	carrot, potato, spinach, corn	238.64	30	Dessert
FoodC_A0854B	onion, potato, broccoli, spinach	440.11	26	Veg
FoodC_MO478O	fish, basil, mushroom, chicken	781.94	8	Combo
FoodC_JEWLAR	tomato, carrot, lentils, pepper	456.72	33	Dessert
FoodC_SC7ZRA	pepper, butter, onion, capsicum	450.68	36	Veg
FoodC_YN7E2N	chicken, cream, tomato, fish	1053.53	35	Non-Veg
FoodC_Y79R56	lentils, spinach, chicken, basil	953.94	25	Combo
FoodC_B4PJZV	pepper, corn, paneer, broccoli	722.09	40	Beverage
FoodC_Y1IR7R	flour, potato, spinach, onion	225.58	21	Main Course
FoodC_EPGW4F	beef, flour, carrot, capsicum	990.7	31	Non-Veg
FoodC_M6GHZ8	mushroom, yogurt, carrot, potato	563.63	23	Dessert
FoodC_09Z772	fish, capsicum, onion, chicken	180.45	19	Veg
FoodC_GYRVRD	butter, potato, flour, paneer	319.34	33	Non-Veg
FoodC_63KMTV	broccoli, carrot, rice, fish	1196.47	15	Veg
FoodC_GY43ZX	carrot, onion, spinach, pepper	975.15	44	Dessert
FoodC_49HXHF	pepper, basil, chicken, lentils	629.7	15	Combo
FoodC_MJ569I	corn, carrot, fish, onion	307.92	8	Dessert
FoodC_BDRWDZ	basil, rice, broccoli, flour	1104.24	33	Dessert
FoodC_3S42RP	pepper, carrot, yogurt, rice	256.21	24	Beverage
FoodC_PSRERQ	beef, cream, yogurt, paneer	523.62	7	Non-Veg
FoodC_THR760	paneer, capsicum, spinach, butter	1114.92	27	Dessert
FoodC_I5YEA4	carrot, basil, broccoli, oregano	836.98	26	Dessert
FoodC_2A0LWS	flour, oregano, mushroom, beef	388.63	26	Veg
FoodC_RDV8DI	onion, broccoli, carrot, yogurt	771.1	5	Beverage
FoodC_YB8S7K	corn, broccoli, potato, carrot	746.61	11	Beverage
FoodC_ILZRDJ	paneer, lentils, flour, fish	533.47	9	Veg
FoodC_8F0CKK	pepper, corn, oregano, butter	931.48	42	Dessert
FoodC_1OCL9V	butter, carrot, broccoli, lentils	1149.43	19	Beverage
FoodC_LEPJIK	corn, mushroom, yogurt, spinach	686.89	6	Combo
FoodC_9S3PW1	carrot, butter, pepper, yogurt	547.13	22	Combo
FoodC_Y3X6ZV	corn, chicken, spinach, broccoli	545.5	8	Non-Veg
FoodC_KSZ77R	chicken, basil, spinach, onion	480.47	30	Veg
FoodC_1G911T	butter, onion, potato, broccoli	873.78	32	Veg
FoodC_OE7ZWD	carrot, tomato, oregano, butter	339.2	14	Combo
FoodC_2P9PZF	yogurt, cream, broccoli, tomato	450.16	11	Veg
FoodC_V1WJO2	flour, tomato, pepper, spinach	239.12	15	Non-Veg
FoodC_7569GB	flour, cream, onion, basil	695.15	36	Combo
FoodC_CNW1XL	pepper, rice, yogurt, capsicum	1122.58	20	Main Course
FoodC_924K25	oregano, yogurt, fish, flour	383.48	44	Non-Veg
FoodC_CVV052	lentils, rice, onion, chicken	1133.34	12	Combo
FoodC_M9IVG3	carrot, cream, mushroom, spinach	334.92	11	Veg
FoodC_3EVHWH	rice, tomato, cream, basil	1052.24	13	Veg
FoodC_GKD6RH	broccoli, flour, capsicum, chicken	604.72	26	Main Course
FoodC_VMM9BR	chicken, onion, paneer, basil	711.5	23	Veg
FoodC_C84G24	broccoli, basil, lentils, paneer	1052.32	32	Combo
FoodC_MW7LMN	mushroom, corn, paneer, potato	1184.7	8	Dessert
FoodC_7NBXJM	basil, chicken, mushroom, tomato	456.73	24	Veg
FoodC_C7QFQ8	cream, capsicum, spinach, chicken	383.37	29	Dessert
FoodC_ST68KZ	pepper, basil, capsicum, tomato	435.88	23	Non-Veg
FoodC_96II8J	yogurt, oregano, corn, cream	752.84	35	Non-Veg
FoodC_9MP6F4	potato, broccoli, butter, lentils	1022.41	39	Dessert
FoodC_S0HGIR	cream, basil, oregano, rice	1124.32	44	Beverage
FoodC_WM56T7	fish, beef, butter, tomato	683.86	34	Main Course
FoodC_PK2D7O	basil, lentils, capsicum, tomato	1081.18	8	Dessert
FoodC_KWQ4GI	beef, cream, potato, carrot	974.11	39	Beverage
FoodC_261B7L	onion, yogurt, oregano, chicken	954.06	27	Veg
FoodC_6XXF9E	butter, yogurt, pepper, potato	583.21	21	Combo
FoodC_SC06V7	chicken, onion, pepper, rice	952.02	31	Combo
FoodC_0GCX9O	rice, corn, basil, paneer	260.01	34	Combo
FoodC_1IDU3D	corn, rice, beef, pepper	888.72	36	Combo
FoodC_1FGW4Q	flour, oregano, chicken, yogurt	212.21	27	Main Course
FoodC_HXGW1W	pepper, potato, corn, oregano	278.56	44	Main Course
FoodC_JVMC84	beef, mushroom, basil, lentils	601.02	25	Non-Veg
FoodC_45EFDS	rice, fish, onion, butter	380.37	8	Veg
FoodC_TZK3DS	pepper, butter, paneer, flour	1036.27	35	Dessert
FoodC_WU3TMZ	basil, tomato, lentils, pepper	289.45	30	Veg
FoodC_MOASH9	rice, corn, capsicum, chicken	996.99	45	Main Course
FoodC_7UKMMI	basil, flour, butter, paneer	201.53	43	Combo
FoodC_58DPRP	rice, lentils, broccoli, flour	992.48	22	Combo
FoodC_IPY23Q	oregano, lentils, yogurt, mushroom	1095.85	32	Combo
FoodC_66WQJY	fish, potato, spinach, flour	205.2	10	Beverage
FoodC_0QPMFW	yogurt, flour, tomato, carrot	617.76	44	Combo
FoodC_PSCP92	corn, yogurt, carrot, chicken	271.16	5	Veg
FoodC_WLX7IW	mushroom, paneer, cream, rice	451.5	25	Veg
FoodC_JEXGS5	mushroom, oregano, yogurt, fish	472.27	31	Veg
FoodC_DU5AKM	fish, corn, potato, oregano	1024.86	45	Beverage
FoodC_9IEUK2	yogurt, onion, butter, flour	581.76	40	Main Course
FoodC_16R7D4	spinach, lentils, onion, flour	847.9	6	Combo
FoodC_LIVSQY	rice, oregano, broccoli, pepper	1034.03	33	Non-Veg
FoodC_F57078	lentils, onion, flour, rice	1095.59	12	Main Course
FoodC_03P3F8	rice, beef, basil, pepper	982.71	33	Beverage
FoodC_7LVFGU	yogurt, spinach, basil, butter	733.09	37	Combo
FoodC_D1B8R4	oregano, corn, paneer, flour	1052.36	13	Combo
FoodC_RID4LR	cream, yogurt, broccoli, pepper	975.96	13	Combo
FoodC_QTC2U9	paneer, pepper, chicken, fish	1191.72	26	Combo
FoodC_2YXZZM	beef, corn, flour, carrot	723.99	36	Veg
FoodC_V9FF64	pepper, chicken, broccoli, cream	1070.7	13	Dessert
FoodC_990NLC	chicken, fish, rice, corn	1193.14	43	Dessert
FoodC_46YAX3	spinach, oregano, potato, fish	500.71	10	Main Course
FoodC_48BV8I	capsicum, carrot, yogurt, pepper	713.67	19	Dessert
FoodC_TABIRT	flour, carrot, fish, oregano	632.81	41	Beverage
FoodC_DNKTEF	corn, rice, broccoli, onion	1087.82	14	Veg
FoodC_W7EVGJ	spinach, chicken, lentils, carrot	509.29	20	Main Course
FoodC_XISDEY	onion, tomato, rice, beef	1012.23	24	Main Course
FoodC_TDKSF3	flour, onion, cream, rice	773.39	44	Beverage
FoodC_63L6XQ	paneer, potato, broccoli, fish	949.95	19	Veg
FoodC_8KL45D	chicken, butter, lentils, onion	642.75	8	Beverage
FoodC_D0CRWJ	spinach, oregano, onion, chicken	917.78	41	Dessert
FoodC_TN932L	beef, carrot, spinach, paneer	555.22	41	Combo
FoodC_KX39B2	paneer, capsicum, cream, pepper	282.26	9	Dessert
FoodC_9RTHD0	lentils, tomato, fish, capsicum	206.3	6	Main Course
FoodC_NZWX8O	onion, rice, fish, tomato	1030.24	43	Dessert
FoodC_78OM2Z	corn, capsicum, yogurt, butter	1091.91	9	Combo
FoodC_LEKQJ8	spinach, rice, mushroom, flour	1144.01	42	Beverage
FoodC_5QGP2C	cream, mushroom, chicken, rice	1010.81	42	Veg
FoodC_OPGQ8L	flour, onion, chicken, yogurt	793.37	24	Dessert
FoodC_OGJKMG	lentils, carrot, oregano, butter	689.67	30	Main Course
FoodC_YQL8MZ	flour, yogurt, capsicum, paneer	619.16	11	Beverage
FoodC_25RWNO	yogurt, tomato, spinach, beef	1069.02	12	Non-Veg
FoodC_TPQBSV	chicken, capsicum, potato, onion	745.81	31	Main Course
FoodC_V26UN1	pepper, capsicum, tomato, cream	579.99	44	Beverage
FoodC_TP41FT	broccoli, basil, capsicum, carrot	300.84	42	Non-Veg
FoodC_K3DES6	onion, cream, yogurt, chicken	424.23	28	Beverage
FoodC_RFLT6X	cream, pepper, spinach, paneer	369.75	33	Combo
FoodC_DN37D8	flour, tomato, potato, oregano	258.37	27	Beverage
FoodC_7D5N2E	corn, cream, oregano, flour	586.98	11	Dessert
FoodC_KIYA6C	lentils, pepper, beef, chicken	205.5	14	Non-Veg
FoodC_HY47Q0	oregano, chicken, cream, flour	963.82	5	Main Course
FoodC_HL7456	capsicum, butter, corn, pepper	1053.66	45	Non-Veg
FoodC_IVDRJL	butter, mushroom, rice, paneer	336.9	7	Non-Veg
FoodC_JSO7BB	corn, capsicum, rice, yogurt	251.63	23	Non-Veg
FoodC_7LE0L7	pepper, paneer, flour, carrot	804.22	12	Combo
FoodC_QVOSH5	chicken, onion, paneer, lentils	1102.16	20	Combo
FoodC_3MR6LA	spinach, potato, flour, pepper	534.43	6	Main Course
FoodC_7OLMGF	butter, cream, corn, chicken	265.33	5	Dessert
FoodC_S6DD77	corn, paneer, mushroom, chicken	274.72	26	Beverage
FoodC_KOSLZ0	rice, tomato, carrot, pepper	964.99	6	Veg
FoodC_LY3HQC	potato, lentils, capsicum, mushroom	975.79	7	Veg
FoodC_NO7NHH	potato, basil, cream, fish	1097.41	21	Beverage
FoodC_ZWC9JP	tomato, carrot, yogurt, potato	887.96	6	Combo
FoodC_881E7J	capsicum, beef, oregano, flour	719.16	39	Combo
FoodC_HKELIA	mushroom, tomato, spinach, butter	654.16	35	Combo
FoodC_2Z8LR2	yogurt, mushroom, spinach, oregano	210.87	7	Veg
FoodC_6Y79A1	cream, spinach, corn, carrot	295.43	27	Combo
FoodC_869LOA	paneer, basil, broccoli, oregano	880.02	22	Veg
FoodC_6Z27KS	mushroom, rice, yogurt, broccoli	638.23	40	Combo
FoodC_BJ04H3	spinach, broccoli, oregano, flour	653.25	24	Beverage
FoodC_CUF42Q	tomato, spinach, butter, mushroom	562.08	42	Beverage
FoodC_DGY6KI	flour, chicken, pepper, onion	923.82	16	Combo
FoodC_V92Q4S	butter, beef, chicken, rice	630.69	27	Dessert
FoodC_R8NPH2	pepper, potato, rice, lentils	345.14	21	Beverage
FoodC_TKC1S5	yogurt, chicken, paneer, capsicum	505.69	12	Veg
FoodC_0D2XIY	chicken, rice, corn, broccoli	386.44	13	Beverage
FoodC_VV1WJS	butter, cream, basil, spinach	780.52	19	Main Course
FoodC_JO87KR	carrot, capsicum, flour, paneer	175.8	14	Non-Veg
FoodC_ANAMWE	yogurt, rice, corn, carrot	860.53	16	Combo
FoodC_EQHIP1	spinach, basil, broccoli, oregano	1073.67	30	Non-Veg
FoodC_2V1CI6	paneer, spinach, broccoli, corn	843.63	26	Main Course
FoodC_8028UZ	pepper, oregano, mushroom, tomato	716.5	37	Beverage
FoodC_0MD1WJ	basil, paneer, cream, capsicum	642.91	32	Main Course
FoodC_VTJCQJ	paneer, capsicum, fish, chicken	625.71	15	Main Course
FoodC_4B1MO0	potato, onion, basil, mushroom	580.58	24	Main Course
FoodC_1JX8P0	onion, paneer, potato, butter	938.9	9	Veg
FoodC_IP2K4M	paneer, flour, oregano, basil	398.12	32	Beverage
FoodC_BQNDP4	lentils, basil, rice, broccoli	314.27	18	Beverage
FoodC_A3S2KZ	carrot, fish, cream, potato	1023.2	43	Combo
FoodC_C99B7K	basil, lentils, onion, broccoli	419.65	40	Combo
FoodC_QCD2QJ	lentils, carrot, tomato, spinach	887.78	30	Dessert
FoodC_IFZXGK	beef, butter, potato, rice	899.1	21	Veg
FoodC_5GIG0A	fish, paneer, beef, flour	322.1	39	Combo
FoodC_OQUTR4	cream, broccoli, chicken, carrot	297.33	25	Non-Veg
FoodC_VF5ZVS	flour, capsicum, broccoli, fish	812.29	37	Dessert
FoodC_GMGQ6X	broccoli, lentils, rice, pepper	1078.7	43	Non-Veg
FoodC_F6UASI	mushroom, tomato, cream, pepper	347.84	11	Veg
FoodC_8QS798	oregano, butter, lentils, carrot	877.21	41	Combo
FoodC_RBKDNU	broccoli, mushroom, cream, yogurt	534.12	26	Dessert
FoodC_5QHMZ3	oregano, broccoli, cream, butter	1012.17	39	Veg
FoodC_0PYEM0	pepper, potato, spinach, basil	842.05	6	Beverage
FoodC_5MIJ8B	corn, chicken, rice, onion	799.54	28	Non-Veg
FoodC_GI0JH9	spinach, chicken, carrot, paneer	943.7	36	Beverage
FoodC_FTE8QM	flour, oregano, fish, mushroom	1132.99	24	Main Course
FoodC_7XKVRH	oregano, cream, potato, broccoli	642.02	15	Veg
FoodC_OL2UOM	capsicum, flour, cream, beef	1142.9	39	Beverage
FoodC_5DSU13	butter, beef, potato, capsicum	1054.03	9	Veg
FoodC_DA1FYQ	mushroom, pepper, tomato, potato	205.54	35	Veg
FoodC_V17BIT	spinach, basil, lentils, carrot	711.04	24	Combo
FoodC_0X4JK7	corn, basil, flour, carrot	231.14	24	Non-Veg
FoodC_LXGKKP	butter, oregano, chicken, capsicum	695.41	17	Main Course
FoodC_9XZOIE	potato, carrot, lentils, yogurt	549.14	9	Main Course
FoodC_X7UA6Y	chicken, cream, oregano, yogurt	886.3	23	Dessert
FoodC_3G6P6A	yogurt, tomato, spinach, flour	249.94	20	Combo
FoodC_O6BMFO	yogurt, pepper, broccoli, paneer	573.3	43	Combo
FoodC_DT3K72	rice, fish, butter, lentils	645.0	17	Main Course
FoodC_GTE91R	capsicum, basil, spinach, broccoli	417.76	42	Combo
FoodC_N2JL1Z	tomato, beef, fish, capsicum	437.47	17	Veg
FoodC_XW4EL8	onion, oregano, rice, pepper	681.19	40	Veg
FoodC_C7U53J	paneer, beef, chicken, fish	396.09	37	Non-Veg
FoodC_CNTJL4	potato, paneer, butter, oregano	394.34	5	Non-Veg
FoodC_H9KOGI	basil, onion, fish, lentils	753.16	28	Veg
FoodC_EGO5Z5	beef, potato, corn, carrot	1006.68	19	Dessert
FoodC_5O5K1E	paneer, fish, chicken, rice	864.76	36	Veg
FoodC_MENT6I	lentils, fish, rice, paneer	447.48	30	Veg
FoodC_2PWWVM	fish, yogurt, lentils, spinach	240.7	28	Combo
FoodC_BQ50L2	spinach, basil, fish, capsicum	791.47	28	Combo
FoodC_HBMWJO	rice, fish, beef, potato	486.11	7	Veg
FoodC_CPNSB0	cream, spinach, corn, lentils	361.87	8	Dessert
FoodC_0FUDLT	pepper, lentils, potato, fish	213.86	30	Dessert
FoodC_7HQGF6	paneer, corn, rice, capsicum	978.34	27	Beverage
FoodC_UMVUIN	fish, broccoli, cream, chicken	1088.77	45	Dessert
FoodC_U10E8K	potato, broccoli, paneer, mushroom	934.78	40	Main Course
FoodC_X9IHPW	cream, flour, chicken, carrot	940.93	40	Combo
FoodC_L2PET4	chicken, oregano, basil, corn	836.12	14	Main Course
FoodC_P0NA3B	flour, carrot, rice, pepper	819.43	22	Combo
FoodC_V9AAOS	lentils, paneer, chicken, spinach	581.63	10	Dessert
FoodC_SVLF2U	tomato, capsicum, corn, fish	523.2	32	Beverage
FoodC_NXQZ83	capsicum, spinach, butter, basil	163.7	5	Non-Veg
FoodC_TLXFG8	rice, basil, oregano, potato	944.62	43	Beverage
FoodC_AWB2MB	oregano, lentils, tomato, pepper	304.65	29	Main Course
FoodC_9862XU	cream, yogurt, mushroom, paneer	1117.01	16	Veg
FoodC_BWS0VE	paneer, tomato, spinach, chicken	996.73	39	Beverage
FoodC_RIU7OX	mushroom, chicken, flour, rice	278.84	17	Non-Veg
FoodC_IPW1BK	pepper, lentils, cream, paneer	467.74	13	Veg
FoodC_UGDKBW	cream, potato, corn, basil	254.95	28	Combo
FoodC_MQQHYS	yogurt, flour, lentils, mushroom	314.42	35	Veg
FoodC_N1ROPJ	paneer, broccoli, cream, mushroom	1197.18	25	Main Course
FoodC_YHS8VJ	butter, carrot, mushroom, potato	954.31	19	Beverage
FoodC_T3Q5JV	pepper, flour, tomato, rice	282.02	10	Main Course
FoodC_XY2XNQ	broccoli, corn, chicken, carrot	661.96	28	Non-Veg
FoodC_ASF7PO	mushroom, fish, yogurt, carrot	205.25	5	Non-Veg
FoodC_SKY16S	mushroom, flour, spinach, chicken	267.95	17	Combo
FoodC_80FTXN	corn, fish, beef, pepper	893.55	11	Combo
FoodC_3RWALL	chicken, mushroom, pepper, corn	507.55	10	Non-Veg
FoodC_QTPGTB	yogurt, lentils, broccoli, paneer	743.9	18	Combo
FoodC_5905JJ	flour, rice, cream, potato	1168.08	31	Dessert
FoodC_8LN3O4	spinach, onion, yogurt, mushroom	308.9	15	Beverage
FoodC_XB5H4Z	flour, butter, fish, rice	1148.14	15	Main Course
FoodC_PR1LUX	onion, yogurt, spinach, fish	578.55	5	Dessert
FoodC_FGJCJP	carrot, corn, paneer, fish	847.8	5	Veg
FoodC_01SI23	yogurt, oregano, potato, beef	1072.69	41	Main Course
FoodC_UZUAXN	chicken, potato, spinach, butter	766.54	32	Veg
FoodC_U05J1A	butter, oregano, paneer, potato	1143.67	35	Non-Veg
FoodC_G7ZKCP	cream, fish, pepper, onion	1142.24	18	Non-Veg
FoodC_G7GFZS	beef, tomato, butter, fish	314.24	36	Beverage
FoodC_JW8ISV	rice, potato, broccoli, cream	921.7	17	Beverage
FoodC_GFC5OJ	tomato, basil, spinach, paneer	632.78	12	Non-Veg
FoodC_OFAMUZ	tomato, potato, carrot, spinach	1074.8	23	Non-Veg
FoodC_3EV9SW	onion, butter, beef, fish	507.41	45	Beverage
FoodC_YF0NR9	yogurt, flour, butter, tomato	478.53	7	Beverage
FoodC_CEWJ6D	mushroom, chicken, butter, carrot	235.14	10	Dessert
FoodC_BKNH1Q	broccoli, tomato, mushroom, potato	579.38	8	Veg
FoodC_XXE82X	potato, fish, chicken, broccoli	387.11	41	Dessert
FoodC_U1NRP7	flour, spinach, potato, fish	754.81	34	Combo
FoodC_AB9XY2	cream, pepper, potato, paneer	1091.7	43	Non-Veg
FoodC_14IWG2	beef, mushroom, cream, corn	722.99	8	Combo
FoodC_6J5AU7	corn, chicken, pepper, onion	847.55	37	Non-Veg
FoodC_83DSJ7	corn, oregano, butter, carrot	660.72	45	Combo
FoodC_V6W3CJ	beef, basil, capsicum, rice	200.16	26	Combo
FoodC_OIOJZQ	potato, cream, onion, lentils	434.89	11	Combo
FoodC_OQ7FNX	butter, broccoli, basil, tomato	681.9	31	Non-Veg
FoodC_785YFV	broccoli, flour, rice, corn	357.29	40	Non-Veg
FoodC_8LSIIS	fish, paneer, beef, tomato	789.64	13	Veg
FoodC_HK23DY	potato, onion, capsicum, beef	874.54	21	Veg
FoodC_7FAP2C	paneer, lentils, spinach, potato	1090.63	24	Non-Veg
FoodC_3WHCQG	tomato, mushroom, yogurt, carrot	776.1	5	Veg
FoodC_ZRI919	carrot, corn, flour, chicken	1071.59	7	Combo
FoodC_0JDCD1	rice, mushroom, butter, lentils	770.27	39	Combo
FoodC_K0FZZ2	spinach, cream, broccoli, potato	740.2	34	Combo
FoodC_F7YDJ8	yogurt, oregano, broccoli, fish	479.01	25	Veg
FoodC_23D5JY	corn, pepper, spinach, potato	565.51	5	Dessert
FoodC_4IA3XH	beef, paneer, rice, pepper	1056.0	17	Combo
FoodC_FGCILU	butter, mushroom, chicken, carrot	750.97	9	Main Course
FoodC_3PELG0	spinach, pepper, capsicum, chicken	421.13	24	Combo
FoodC_08MHKZ	lentils, beef, onion, butter	644.76	30	Dessert
FoodC_52LLGB	fish, potato, onion, paneer	1071.72	31	Main Course
FoodC_X9DL2E	tomato, onion, carrot, oregano	1067.57	14	Combo
FoodC_4YR206	pepper, lentils, fish, flour	449.63	23	Main Course
FoodC_T1TT9A	butter, potato, corn, fish	439.75	25	Non-Veg
FoodC_V91OSE	fish, spinach, rice, tomato	1184.15	42	Non-Veg
FoodC_4DP7P0	rice, tomato, capsicum, pepper	991.16	45	Beverage
FoodC_ZDX88T	fish, capsicum, spinach, tomato	1027.6	15	Veg
FoodC_Y3LRSS	broccoli, rice, chicken, carrot	327.0	22	Main Course
FoodC_GGBYJF	capsicum, butter, paneer, mushroom	771.46	7	Beverage
FoodC_ZO9H97	mushroom, yogurt, capsicum, cream	457.12	5	Veg
FoodC_PHG9OG	basil, pepper, potato, spinach	995.72	23	Dessert
FoodC_CPNIE3	beef, flour, lentils, spinach	823.07	42	Main Course
FoodC_VLG1YX	lentils, mushroom, capsicum, butter	910.69	26	Main Course
FoodC_XFA2FA	potato, fish, corn, flour	624.96	14	Beverage
FoodC_LU6HP4	rice, broccoli, lentils, basil	391.58	11	Beverage
FoodC_E9EO9V	pepper, basil, tomato, flour	1138.14	45	Combo
FoodC_8SIE6W	corn, rice, mushroom, carrot	460.1	22	Non-Veg
FoodC_QISB1B	pepper, yogurt, broccoli, chicken	945.03	13	Beverage
FoodC_EQKC77	beef, cream, butter, oregano	235.89	24	Main Course
FoodC_8LXC58	capsicum, basil, spinach, butter	723.99	14	Beverage
FoodC_I8Q4E1	fish, capsicum, carrot, beef	510.85	13	Non-Veg
FoodC_SFIPGA	basil, lentils, cream, flour	1078.34	26	Non-Veg
FoodC_PWMYH6	basil, beef, pepper, yogurt	541.28	31	Non-Veg
FoodC_XQQZF0	tomato, pepper, oregano, butter	300.35	20	Combo
FoodC_U8ATGB	broccoli, tomato, carrot, basil	1058.45	11	Beverage
FoodC_OVDDGT	capsicum, flour, basil, spinach	461.26	29	Combo
FoodC_ON6DS1	chicken, potato, spinach, yogurt	1101.03	30	Combo
FoodC_9NMX26	basil, butter, capsicum, cream	164.65	16	Combo
FoodC_1N6MJU	broccoli, basil, chicken, potato	933.41	31	Veg
FoodC_WI0MK3	beef, carrot, flour, capsicum	947.26	32	Combo
FoodC_T2FEL7	fish, potato, paneer, broccoli	1011.56	18	Main Course
FoodC_DU47TR	corn, onion, lentils, basil	350.96	32	Non-Veg
FoodC_9SEVZY	onion, rice, capsicum, mushroom	822.96	35	Dessert
FoodC_JOSJSA	lentils, corn, potato, rice	971.71	20	Beverage
FoodC_K33I7R	tomato, potato, flour, rice	331.03	24	Main Course
FoodC_JRLBHQ	rice, tomato, fish, spinach	578.25	35	Non-Veg
FoodC_3EDAC3	chicken, potato, beef, flour	384.67	32	Veg
FoodC_R9HA2I	potato, paneer, rice, basil	610.85	24	Veg
FoodC_UX31TT	mushroom, broccoli, pepper, corn	697.0	18	Non-Veg
FoodC_NHQZK5	flour, lentils, fish, cream	931.11	24	Veg
FoodC_K2WEL0	broccoli, chicken, mushroom, basil	368.41	32	Dessert
FoodC_OVYPFZ	pepper, paneer, fish, broccoli	1195.93	16	Main Course
FoodC_0T35XC	mushroom, rice, cream, potato	183.7	5	Dessert
FoodC_VCSYTI	chicken, potato, fish, butter	529.79	22	Veg
FoodC_DS2V3G	chicken, rice, fish, oregano	475.47	7	Dessert
FoodC_Z7J5KM	broccoli, corn, fish, basil	304.58	15	Beverage
FoodC_VBZ3DX	fish, oregano, lentils, yogurt	1012.36	29	Non-Veg
FoodC_4V5M5Q	fish, cream, capsicum, onion	1093.58	28	Combo
FoodC_RTZKIB	mushroom, paneer, rice, capsicum	638.95	14	Non-Veg
FoodC_VC2ERP	flour, chicken, butter, fish	449.88	39	Veg
FoodC_ID89C5	yogurt, corn, rice, lentils	321.81	31	Veg
FoodC_YVOJ3L	fish, corn, oregano, potato	861.76	16	Combo
FoodC_749YO5	tomato, rice, lentils, potato	833.63	31	Combo
FoodC_TN25QR	butter, paneer, potato, broccoli	400.13	28	Dessert
FoodC_EUMVDI	paneer, rice, basil, mushroom	545.43	22	Dessert
FoodC_64KQEK	cream, flour, butter, potato	582.93	12	Beverage
FoodC_EMTD8H	broccoli, fish, rice, pepper	642.18	35	Dessert
FoodC_N8YQ50	carrot, spinach, paneer, tomato	540.97	20	Combo
FoodC_F0N9UE	carrot, paneer, corn, spinach	611.37	45	Main Course
FoodC_NSX0CW	yogurt, flour, beef, capsicum	646.42	28	Main Course
FoodC_CTPWTC	tomato, lentils, chicken, basil	577.68	17	Main Course
FoodC_ASYG1C	yogurt, fish, paneer, oregano	972.91	27	Veg
FoodC_ER4HOH	oregano, mushroom, potato, carrot	1173.22	21	Beverage
FoodC_KI5LQH	spinach, potato, mushroom, fish	980.77	37	Dessert
FoodC_MZSCTI	beef, chicken, tomato, potato	970.64	20	Veg
FoodC_QFHO0T	chicken, fish, broccoli, rice	950.41	16	Combo
FoodC_TXH1NB	tomato, flour, chicken, corn	898.42	5	Beverage
FoodC_H4UOQ6	tomato, cream, butter, rice	595.14	26	Combo
FoodC_VJ0QED	basil, mushroom, beef, yogurt	1125.1	38	Combo
FoodC_RZ3MDQ	onion, basil, flour, spinach	985.12	11	Non-Veg
FoodC_4VP86D	butter, rice, paneer, pepper	767.3	22	Dessert
FoodC_T7SV6U	tomato, rice, potato, flour	623.72	15	Beverage
FoodC_32COAY	beef, basil, onion, capsicum	1022.76	44	Dessert
FoodC_07PJ99	pepper, butter, capsicum, mushroom	591.13	31	Combo
FoodC_LCJ70N	flour, onion, butter, cream	345.83	38	Main Course
FoodC_L3XVGZ	onion, mushroom, corn, basil	760.1	39	Non-Veg
FoodC_KLBL8J	tomato, corn, broccoli, oregano	857.7	22	Main Course
FoodC_Q9PUYI	lentils, yogurt, fish, chicken	244.2	31	Beverage
FoodC_R8MIIN	tomato, onion, broccoli, mushroom	569.06	38	Veg
FoodC_64W5LW	basil, lentils, rice, potato	425.18	12	Dessert
FoodC_P14GOL	capsicum, onion, lentils, chicken	200.84	25	Combo
FoodC_0MLFWH	fish, lentils, rice, flour	1132.08	40	Beverage
FoodC_3CNNIU	carrot, chicken, corn, potato	1156.59	19	Veg
FoodC_ZB4UC1	potato, tomato, broccoli, yogurt	303.69	23	Combo
FoodC_0SQTN8	potato, tomato, mushroom, lentils	624.18	27	Beverage
FoodC_HHBTJ4	fish, beef, tomato, paneer	584.0	20	Non-Veg
FoodC_USIFOP	butter, oregano, carrot, beef	785.19	12	Dessert
FoodC_ASSXMD	flour, spinach, fish, oregano	437.54	15	Beverage
FoodC_SF63MO	chicken, carrot, broccoli, lentils	443.5	20	Beverage
FoodC_SBVXL1	onion, paneer, butter, flour	630.64	31	Beverage
FoodC_F3AK7A	capsicum, pepper, rice, oregano	553.77	7	Veg
FoodC_YPI6V4	butter, spinach, basil, flour	933.25	29	Dessert
FoodC_DE39SQ	fish, mushroom, onion, spinach	350.39	13	Non-Veg
FoodC_2UWQQW	cream, oregano, rice, spinach	653.17	31	Non-Veg
FoodC_5JLXOG	oregano, potato, onion, beef	672.88	12	Main Course
FoodC_NVCZD0	capsicum, beef, rice, flour	396.97	38	Main Course
FoodC_TZCSYL	pepper, basil, beef, paneer	601.69	22	Veg
FoodC_NB67GZ	broccoli, onion, beef, potato	1165.81	19	Main Course
FoodC_SI2PXK	yogurt, chicken, flour, corn	305.75	37	Non-Veg
FoodC_OF4I8Z	paneer, lentils, flour, broccoli	755.76	34	Veg
FoodC_FLKZ6P	cream, butter, flour, yogurt	838.33	9	Beverage
FoodC_RP772I	chicken, carrot, rice, paneer	912.92	25	Non-Veg
FoodC_UWJVHX	yogurt, potato, pepper, onion	1134.06	7	Beverage
FoodC_6F5HN5	potato, paneer, mushroom, cream	881.04	42	Beverage
FoodC_RVV49M	basil, broccoli, tomato, flour	669.29	32	Combo
FoodC_EBXCD1	lentils, pepper, rice, onion	918.77	23	Veg
FoodC_5WPQHF	broccoli, basil, rice, mushroom	1080.27	34	Dessert
FoodC_AUBBT0	carrot, lentils, corn, fish	923.0	5	Non-Veg
FoodC_4EII9L	yogurt, chicken, corn, spinach	766.11	6	Non-Veg
FoodC_OE6ZTS	chicken, broccoli, butter, spinach	180.63	38	Beverage
FoodC_90UCTA	potato, carrot, yogurt, paneer	698.06	10	Main Course
FoodC_UP4QYR	mushroom, beef, rice, fish	795.45	12	Non-Veg
FoodC_DFSDQK	beef, potato, carrot, rice	190.4	41	Beverage
FoodC_TDIOOS	flour, basil, butter, broccoli	1090.23	40	Beverage
FoodC_H8Z791	broccoli, capsicum, paneer, spinach	608.25	34	Main Course
FoodC_5HS1DP	rice, basil, broccoli, paneer	636.42	11	Combo
FoodC_C434T5	mushroom, chicken, yogurt, butter	891.9	24	Non-Veg
FoodC_AHZDGX	mushroom, pepper, yogurt, beef	1113.34	21	Non-Veg
FoodC_O51VY7	chicken, corn, capsicum, butter	678.17	44	Veg
FoodC_YQTSZL	butter, cream, beef, capsicum	632.32	29	Beverage
FoodC_MBDEGP	lentils, potato, fish, yogurt	978.78	35	Beverage
FoodC_YD9V98	rice, fish, mushroom, tomato	723.31	38	Main Course
FoodC_4VSPI8	mushroom, beef, lentils, oregano	419.23	15	Beverage
FoodC_8GX9MN	carrot, tomato, oregano, spinach	176.49	9	Non-Veg
FoodC_MHJ0SZ	beef, cream, chicken, potato	682.28	21	Dessert
FoodC_DJ4HF6	cream, broccoli, lentils, mushroom	630.48	41	Combo
FoodC_DNTX0Z	rice, chicken, mushroom, beef	767.26	37	Combo
FoodC_78B76A	onion, carrot, pepper, capsicum	506.15	40	Main Course
FoodC_WRAN7C	flour, broccoli, fish, butter	752.59	35	Main Course
FoodC_QNYLQY	onion, pepper, spinach, yogurt	377.3	40	Non-Veg
FoodC_G48BH5	butter, broccoli, pepper, mushroom	698.18	31	Dessert
FoodC_2Q3837	broccoli, spinach, capsicum, onion	1029.76	6	Main Course
FoodC_847O0S	chicken, butter, cream, spinach	1130.06	20	Combo
FoodC_KMIJVP	spinach, butter, cream, flour	760.38	10	Beverage
FoodC_HXAGLK	chicken, basil, pepper, spinach	934.87	15	Veg
FoodC_FRC92Y	yogurt, tomato, mushroom, butter	916.94	12	Combo
FoodC_64D9KV	pepper, fish, oregano, corn	980.16	13	Combo
FoodC_9H7GQG	spinach, lentils, corn, tomato	953.88	11	Beverage
FoodC_THUHFV	spinach, tomato, oregano, beef	1006.35	41	Dessert
FoodC_ZZ7SRT	chicken, fish, corn, pepper	990.89	10	Combo
FoodC_AXERHE	carrot, butter, flour, corn	1193.56	39	Beverage
FoodC_NAEVI3	tomato, onion, cream, lentils	944.88	21	Beverage
FoodC_KREFA6	lentils, tomato, chicken, beef	1175.75	19	Beverage
FoodC_W9T2Q6	flour, tomato, carrot, basil	1174.87	6	Main Course
FoodC_ZV9KKC	butter, capsicum, oregano, basil	660.75	29	Veg
FoodC_PVP5GO	beef, spinach, pepper, fish	399.61	22	Dessert
FoodC_NMKL0T	fish, onion, potato, rice	1145.07	22	Non-Veg
FoodC_TCVLEH	pepper, spinach, lentils, carrot	1069.38	7	Non-Veg
FoodC_U94LPQ	pepper, rice, lentils, cream	333.09	39	Combo
FoodC_PZ5GYJ	broccoli, rice, cream, lentils	1074.84	43	Non-Veg
FoodC_95CI0D	basil, tomato, lentils, beef	530.05	18	Combo
FoodC_2GS2NQ	rice, chicken, basil, tomato	497.14	32	Dessert
FoodC_CRI5O1	cream, tomato, basil, yogurt	270.86	25	Combo
FoodC_GCJKLR	pepper, beef, paneer, basil	630.2	40	Main Course
FoodC_PKLGXT	tomato, chicken, mushroom, rice	988.53	16	Veg
FoodC_OS5NM6	onion, flour, potato, fish	1171.98	15	Main Course
FoodC_Q8EOCR	rice, mushroom, yogurt, tomato	1034.53	28	Non-Veg
FoodC_O043HT	butter, mushroom, oregano, pepper	207.66	39	Non-Veg
FoodC_VQ97HK	carrot, basil, onion, tomato	536.45	37	Dessert
FoodC_HIOXNT	chicken, spinach, yogurt, basil	949.34	24	Main Course
FoodC_DO77BT	rice, tomato, lentils, butter	534.68	28	Beverage
FoodC_JSHZY6	yogurt, butter, lentils, flour	169.2	30	Beverage
FoodC_RJ4P8J	butter, flour, beef, spinach	581.97	34	Veg
FoodC_X9YH3N	broccoli, carrot, capsicum, paneer	406.2	40	Veg
FoodC_LWR5QJ	butter, tomato, basil, mushroom	534.3	8	Veg
FoodC_BMTG30	yogurt, fish, beef, oregano	985.24	10	Non-Veg
FoodC_IE70YS	mushroom, oregano, tomato, capsicum	735.26	29	Main Course
FoodC_G7Y40D	spinach, paneer, basil, cream	196.6	5	Main Course
FoodC_I8EWTV	chicken, corn, spinach, pepper	160.2	27	Non-Veg
FoodC_UNSEIS	oregano, carrot, yogurt, lentils	705.75	19	Dessert
FoodC_IYBYUN	pepper, oregano, corn, rice	360.83	10	Combo
FoodC_215LSW	fish, chicken, cream, onion	360.17	29	Dessert
FoodC_YUZSO3	pepper, spinach, onion, butter	1158.33	16	Combo
FoodC_XTC9TE	flour, paneer, butter, rice	805.4	40	Veg
FoodC_UN55K9	tomato, carrot, chicken, fish	635.23	35	Non-Veg
FoodC_EPAVID	corn, broccoli, basil, yogurt	992.37	26	Combo
FoodC_37KXHP	paneer, carrot, butter, pepper	404.34	35	Non-Veg
FoodC_RATSYP	broccoli, tomato, basil, spinach	674.04	42	Dessert
FoodC_PFCDSF	flour, butter, carrot, spinach	436.66	15	Veg
FoodC_RB6HU8	fish, onion, pepper, corn	866.23	9	Combo
FoodC_MOGAMW	capsicum, chicken, spinach, rice	806.56	10	Dessert
FoodC_19Y50I	capsicum, yogurt, oregano, paneer	474.76	12	Main Course
FoodC_58GZMY	tomato, corn, capsicum, onion	1074.88	40	Main Course
FoodC_TXGHIC	onion, chicken, cream, paneer	821.49	14	Non-Veg
FoodC_E10XXG	paneer, tomato, lentils, cream	622.86	42	Main Course
FoodC_NUV2NM	fish, corn, yogurt, tomato	321.68	37	Non-Veg
FoodC_ZDCB13	tomato, lentils, cream, butter	879.81	27	Combo
FoodC_C4JS9T	mushroom, yogurt, beef, carrot	356.78	5	Dessert
FoodC_7A5UY3	mushroom, pepper, spinach, basil	1013.51	15	Main Course
FoodC_LQWZ7H	broccoli, mushroom, basil, capsicum	497.87	15	Main Course
FoodC_4S5EDG	onion, tomato, basil, broccoli	1081.38	33	Beverage
FoodC_KEOSVP	potato, oregano, corn, cream	304.57	11	Beverage
FoodC_YCKST8	corn, paneer, carrot, lentils	815.9	39	Veg
FoodC_HV65AH	lentils, butter, basil, yogurt	1020.83	10	Veg
FoodC_FPGUIM	carrot, fish, cream, corn	233.83	30	Main Course
FoodC_NTFEQU	chicken, corn, pepper, lentils	1127.23	29	Dessert
FoodC_EFRIK5	beef, cream, potato, basil	164.18	14	Combo
FoodC_MPKMY2	fish, tomato, beef, oregano	215.82	7	Non-Veg
FoodC_XRSE6N	pepper, broccoli, butter, oregano	504.89	7	Non-Veg
FoodC_QN8LHO	rice, fish, capsicum, mushroom	487.12	39	Beverage
FoodC_E35E4W	oregano, corn, basil, fish	744.54	42	Main Course
FoodC_KKUK7U	corn, fish, rice, pepper	486.86	22	Dessert
FoodC_AMO25Q	paneer, oregano, chicken, beef	315.1	15	Veg
FoodC_3AWV9F	cream, beef, yogurt, lentils	827.17	18	Beverage
FoodC_AUYHWM	broccoli, rice, corn, pepper	910.77	38	Beverage
FoodC_BID3T0	yogurt, potato, pepper, carrot	642.93	39	Veg
FoodC_P7XIF1	corn, broccoli, onion, paneer	969.69	35	Combo
FoodC_NSUSS0	paneer, carrot, rice, onion	868.67	23	Dessert
FoodC_GFHMB9	corn, fish, broccoli, flour	783.19	37	Main Course
FoodC_H12VU5	fish, chicken, lentils, rice	744.38	44	Main Course
FoodC_2C1BYM	tomato, corn, paneer, chicken	349.3	31	Veg
FoodC_O7VLZ2	tomato, corn, rice, yogurt	320.83	9	Combo
FoodC_QD4R7T	corn, rice, butter, broccoli	568.99	33	Main Course
FoodC_SU581S	rice, corn, basil, carrot	250.78	44	Beverage
FoodC_2901YI	broccoli, fish, spinach, flour	583.85	27	Dessert
FoodC_POQ0ZW	paneer, mushroom, corn, cream	976.77	25	Main Course
FoodC_Z651IH	tomato, capsicum, lentils, paneer	1159.34	34	Veg
FoodC_HASO4K	cream, rice, onion, yogurt	568.55	41	Veg
FoodC_ZQAWH8	carrot, basil, beef, spinach	723.83	11	Dessert
FoodC_2OSZC6	oregano, corn, butter, chicken	986.88	21	Veg
FoodC_8VX352	butter, beef, broccoli, carrot	963.84	22	Main Course
FoodC_OECTRB	basil, butter, corn, lentils	533.53	37	Dessert
FoodC_1KIXZS	basil, potato, flour, pepper	664.81	42	Veg
FoodC_MOKNCA	basil, spinach, corn, paneer	1080.98	42	Non-Veg
FoodC_0F4M78	fish, onion, lentils, carrot	623.32	45	Dessert
FoodC_8Y3Z3R	rice, potato, capsicum, corn	515.27	20	Beverage
FoodC_BJOHVI	spinach, fish, flour, beef	741.33	43	Veg
FoodC_PMPGMZ	paneer, basil, onion, corn	705.78	24	Veg
FoodC_OMO0V9	flour, paneer, rice, capsicum	758.2	29	Veg
FoodC_CKFY6O	onion, basil, fish, flour	244.15	6	Veg
FoodC_ZIFJM6	capsicum, onion, beef, spinach	492.22	10	Combo
FoodC_URB82D	fish, flour, lentils, butter	350.8	7	Combo
FoodC_XDA4ZI	broccoli, paneer, fish, yogurt	951.09	11	Beverage
FoodC_IDF4G8	basil, lentils, beef, tomato	269.89	13	Combo
FoodC_9J0VE5	onion, butter, capsicum, oregano	743.14	33	Beverage
FoodC_I99H31	basil, yogurt, capsicum, carrot	495.52	14	Non-Veg
FoodC_VP8WC7	flour, yogurt, broccoli, onion	623.84	43	Combo
FoodC_75646W	pepper, mushroom, tomato, flour	1058.51	27	Veg
FoodC_SOAZOG	broccoli, rice, pepper, onion	512.18	30	Veg
FoodC_UJRBGS	rice, chicken, potato, tomato	961.19	20	Dessert
FoodC_MTLB0Z	lentils, oregano, fish, chicken	875.9	6	Veg
FoodC_NWET2J	corn, tomato, pepper, cream	313.0	30	Combo
FoodC_OQ7NAC	beef, potato, basil, chicken	981.45	29	Veg
FoodC_MJD9QF	onion, corn, paneer, carrot	523.96	15	Combo
FoodC_BS66X5	chicken, potato, tomato, broccoli	660.82	6	Main Course
FoodC_3V3VNM	spinach, flour, potato, mushroom	421.57	40	Non-Veg
FoodC_PAX8M4	basil, mushroom, onion, paneer	395.05	34	Veg
FoodC_3B1YTJ	capsicum, onion, corn, flour	983.57	24	Combo
FoodC_G5V3L4	cream, pepper, lentils, potato	825.16	36	Main Course
FoodC_HAEPEJ	capsicum, chicken, butter, paneer	903.81	44	Main Course
FoodC_WT2L7L	capsicum, yogurt, flour, fish	813.75	34	Main Course
FoodC_GZR3EO	paneer, onion, yogurt, spinach	968.52	32	Main Course
FoodC_CUHATX	carrot, basil, paneer, corn	951.0	34	Beverage
FoodC_ATFYWE	broccoli, onion, basil, chicken	473.26	30	Main Course
FoodC_5525YS	tomato, mushroom, basil, yogurt	483.94	45	Dessert
FoodC_ILSHFI	potato, rice, mushroom, chicken	546.25	45	Dessert
FoodC_P3QTDJ	mushroom, yogurt, cream, carrot	251.46	14	Dessert
FoodC_4TX881	cream, fish, lentils, onion	1011.89	40	Beverage
FoodC_SUXNBT	yogurt, cream, oregano, onion	1136.73	21	Dessert
FoodC_EFDAER	tomato, basil, corn, beef	517.5	21	Combo
FoodC_MCX2T5	yogurt, rice, pepper, capsicum	737.04	20	Non-Veg
FoodC_3F75FZ	beef, capsicum, chicken, lentils	588.11	12	Combo
FoodC_R4NVS8	flour, capsicum, oregano, spinach	1078.14	22	Non-Veg
FoodC_0B76MN	yogurt, oregano, flour, paneer	1108.58	8	Beverage
FoodC_LYCDCY	beef, basil, chicken, paneer	859.15	26	Dessert
FoodC_KVTZ99	tomato, beef, broccoli, flour	895.36	44	Combo
FoodC_4J1RT9	lentils, carrot, fish, basil	466.31	12	Combo
FoodC_TM0FU0	cream, tomato, carrot, oregano	858.71	42	Veg
FoodC_0KDYL2	lentils, chicken, butter, broccoli	239.23	42	Veg
FoodC_D2NQIY	oregano, beef, basil, mushroom	1008.99	30	Beverage
FoodC_912JO6	lentils, flour, spinach, mushroom	519.56	19	Dessert
FoodC_LFKVPR	capsicum, tomato, spinach, cream	1057.55	7	Dessert
FoodC_JA91DU	mushroom, spinach, paneer, potato	255.38	34	Combo
FoodC_EQ8IHJ	chicken, tomato, onion, cream	231.03	20	Main Course
FoodC_9WBZLY	yogurt, potato, tomato, pepper	695.88	38	Combo
FoodC_CNEBSJ	fish, butter, corn, basil	894.97	38	Beverage
FoodC_B4O5ZG	lentils, potato, capsicum, fish	581.98	30	Combo
FoodC_DUIM8I	spinach, cream, pepper, corn	739.36	10	Beverage
FoodC_0YVJEK	cream, yogurt, flour, pepper	224.06	38	Dessert
FoodC_1W3TTF	lentils, spinach, butter, flour	287.64	31	Non-Veg
FoodC_29WJIX	pepper, lentils, beef, chicken	1142.94	16	Non-Veg
FoodC_5P4J3B	rice, spinach, flour, lentils	547.18	17	Dessert
FoodC_X0PT4Y	paneer, cream, lentils, mushroom	284.7	23	Dessert
FoodC_GBN9FG	paneer, oregano, beef, carrot	853.83	7	Beverage
FoodC_2ZB1ZX	fish, onion, yogurt, tomato	353.64	28	Veg
FoodC_9L52AR	cream, beef, onion, yogurt	1166.17	25	Veg
FoodC_2GCI6C	beef, oregano, lentils, paneer	359.04	7	Combo
FoodC_6XQZC0	fish, paneer, beef, potato	420.97	25	Veg
FoodC_EMZRE0	paneer, spinach, basil, onion	1189.02	36	Veg
FoodC_ALZQLB	spinach, mushroom, oregano, rice	933.08	34	Main Course
FoodC_LKXKAF	fish, flour, capsicum, pepper	481.25	25	Veg
FoodC_7DBM9F	tomato, paneer, lentils, corn	1144.96	34	Non-Veg
FoodC_UG6YJG	potato, cream, flour, oregano	529.15	19	Main Course
FoodC_95FS6Q	fish, broccoli, rice, potato	1084.06	45	Main Course
FoodC_RUW0XN	chicken, corn, potato, oregano	1075.72	17	Non-Veg
FoodC_FA2RDF	butter, rice, corn, carrot	374.45	5	Combo
FoodC_K83DR3	paneer, beef, capsicum, corn	1121.68	12	Main Course
FoodC_DZ0PLS	paneer, beef, yogurt, spinach	387.87	34	Beverage
FoodC_MU0O0T	capsicum, butter, corn, beef	1146.58	9	Non-Veg
FoodC_GSD7XT	tomato, onion, cream, broccoli	312.39	26	Dessert
FoodC_3OJVY1	corn, beef, butter, potato	907.79	28	Dessert
FoodC_6IHWKQ	carrot, tomato, cream, fish	805.83	16	Combo
FoodC_59EHZO	spinach, lentils, basil, fish	425.21	15	Main Course
FoodC_DFHZAU	yogurt, chicken, onion, mushroom	440.57	44	Veg
FoodC_8KC9JC	broccoli, spinach, carrot, flour	565.11	31	Combo
FoodC_1CQQWM	broccoli, paneer, beef, onion	966.43	12	Veg
FoodC_J0CXED	carrot, onion, broccoli, lentils	419.67	41	Beverage
FoodC_A7W8RN	fish, flour, spinach, butter	829.2	24	Dessert
FoodC_MOMS40	onion, spinach, rice, mushroom	258.33	17	Non-Veg
FoodC_IDJMHB	butter, carrot, broccoli, basil	636.29	27	Combo
FoodC_DBNA12	carrot, chicken, potato, onion	177.05	38	Main Course
FoodC_BHPIGL	tomato, rice, flour, butter	1003.84	45	Dessert
FoodC_Y9F5T8	basil, spinach, chicken, fish	610.43	37	Main Course
FoodC_JDHRLQ	potato, cream, fish, basil	996.17	22	Non-Veg
FoodC_EFQW1G	fish, mushroom, tomato, basil	479.64	13	Veg
FoodC_0031XL	cream, lentils, spinach, rice	233.13	33	Beverage
FoodC_JXVOR4	rice, chicken, capsicum, yogurt	616.75	22	Main Course
FoodC_QLRLBG	pepper, cream, tomato, broccoli	361.48	33	Main Course
FoodC_CTSP9R	corn, rice, yogurt, tomato	858.74	28	Main Course
FoodC_XKQ8W0	cream, lentils, oregano, tomato	317.94	14	Veg
FoodC_ZYT0MJ	flour, pepper, basil, chicken	1082.87	8	Combo
FoodC_BEICXE	butter, potato, carrot, rice	539.81	18	Veg
FoodC_P15DF2	paneer, fish, basil, lentils	906.9	8	Combo
FoodC_39DN2E	fish, yogurt, broccoli, flour	607.31	9	Dessert
FoodC_XJ2RVY	cream, carrot, beef, onion	1121.14	30	Non-Veg
FoodC_823NZG	paneer, tomato, capsicum, carrot	819.88	31	Dessert
FoodC_08R98X	rice, flour, basil, paneer	286.41	9	Non-Veg
FoodC_1Z8334	basil, cream, broccoli, paneer	903.39	41	Combo
FoodC_7RHR96	tomato, corn, potato, oregano	302.56	40	Non-Veg
FoodC_SCAZA0	corn, fish, pepper, capsicum	647.32	8	Non-Veg
FoodC_6SAQR4	mushroom, corn, pepper, rice	180.37	29	Beverage
FoodC_T4SXB9	oregano, capsicum, spinach, pepper	1193.67	43	Veg
FoodC_A05LSK	flour, capsicum, beef, mushroom	493.78	42	Dessert
FoodC_WT13XE	cream, corn, yogurt, spinach	802.4	16	Main Course
FoodC_ZTRX78	fish, paneer, broccoli, cream	443.0	22	Combo
FoodC_8A094S	carrot, beef, potato, corn	393.15	28	Beverage
FoodC_WV8WGW	capsicum, oregano, chicken, cream	494.31	20	Veg
FoodC_NJEF5L	carrot, yogurt, beef, potato	936.78	12	Non-Veg
FoodC_RX32HP	chicken, lentils, beef, paneer	1170.59	11	Dessert
FoodC_8XBZ4N	rice, basil, carrot, spinach	1007.78	25	Non-Veg
FoodC_0GEF1G	corn, fish, paneer, lentils	1115.49	35	Main Course
FoodC_L4N31T	mushroom, fish, paneer, chicken	823.52	15	Main Course
FoodC_IXMCIX	cream, spinach, chicken, potato	759.43	45	Dessert
FoodC_67P3F5	beef, tomato, spinach, cream	362.07	24	Veg
FoodC_B4ES2W	basil, carrot, rice, oregano	618.62	9	Main Course
FoodC_2Y6CU2	spinach, chicken, beef, fish	855.99	13	Veg
FoodC_2LA96Z	lentils, yogurt, beef, rice	868.06	7	Dessert
FoodC_D56HVJ	flour, fish, oregano, rice	1068.79	40	Dessert
FoodC_WRGITO	mushroom, corn, capsicum, potato	538.69	22	Main Course
FoodC_F1UZWL	chicken, rice, corn, potato	423.36	21	Non-Veg
FoodC_KOIVC2	chicken, onion, lentils, corn	913.72	31	Veg
FoodC_KIMN0Y	carrot, paneer, yogurt, basil	439.26	8	Non-Veg
FoodC_F0EVFY	broccoli, spinach, capsicum, basil	607.33	44	Non-Veg
FoodC_YPVBES	basil, beef, oregano, potato	1121.5	7	Beverage
FoodC_DFJ3MO	cream, onion, beef, flour	1150.01	13	Combo
FoodC_XA8HW4	onion, fish, cream, rice	701.19	40	Beverage
FoodC_N3GH2N	lentils, flour, oregano, corn	417.62	27	Combo
FoodC_6HKR83	rice, paneer, basil, spinach	255.37	44	Veg
FoodC_70HZBZ	capsicum, lentils, spinach, basil	950.64	33	Beverage
FoodC_XV0IYT	beef, lentils, mushroom, cream	1126.52	42	Veg
FoodC_LNHET9	capsicum, oregano, mushroom, rice	318.51	23	Dessert
FoodC_3UUP8Z	spinach, capsicum, tomato, cream	808.16	17	Main Course
FoodC_HEZTPE	capsicum, mushroom, chicken, oregano	763.66	43	Dessert
FoodC_2324VC	onion, capsicum, fish, spinach	304.86	41	Veg
FoodC_4XHTBH	tomato, capsicum, carrot, chicken	935.31	45	Non-Veg
FoodC_ULUF15	pepper, rice, butter, spinach	371.93	40	Beverage
FoodC_CMAGHV	potato, lentils, broccoli, chicken	150.3	10	Dessert
FoodC_I1SG60	tomato, butter, rice, oregano	1136.42	24	Combo
FoodC_TQN822	chicken, oregano, spinach, flour	415.16	21	Beverage
FoodC_FQAM4P	corn, paneer, mushroom, carrot	1164.75	34	Non-Veg
FoodC_IXZO21	beef, fish, corn, onion	447.38	9	Veg
FoodC_UNSP50	butter, broccoli, yogurt, capsicum	424.72	13	Main Course
FoodC_TU1WY6	tomato, carrot, oregano, fish	502.51	25	Veg
FoodC_V3FGZ0	rice, flour, chicken, onion	661.23	15	Combo
FoodC_I34KG3	paneer, fish, yogurt, beef	1183.12	14	Beverage
FoodC_9HRG19	tomato, chicken, potato, yogurt	508.43	39	Combo
FoodC_OP3YMI	rice, broccoli, flour, beef	204.89	13	Non-Veg
FoodC_R0X3BG	paneer, broccoli, yogurt, lentils	761.28	15	Dessert
FoodC_Q6ZBYN	capsicum, beef, mushroom, cream	792.97	41	Non-Veg
FoodC_Y3FGXA	capsicum, lentils, paneer, flour	899.63	5	Veg
FoodC_TQW54K	carrot, paneer, beef, pepper	964.49	43	Non-Veg
FoodC_8LO7GH	rice, oregano, beef, flour	1173.72	20	Main Course
FoodC_AA2G39	potato, spinach, pepper, cream	616.17	33	Combo
FoodC_17EBBV	basil, pepper, lentils, rice	1005.52	25	Beverage
FoodC_GXBQTI	spinach, chicken, paneer, potato	398.09	42	Combo
FoodC_M9XC66	tomato, flour, capsicum, broccoli	232.33	23	Non-Veg
FoodC_960PS5	corn, cream, beef, tomato	394.17	40	Beverage
FoodC_ICQPY8	chicken, broccoli, yogurt, pepper	384.16	29	Beverage
FoodC_QM7W1X	butter, yogurt, capsicum, mushroom	1084.75	37	Veg
FoodC_6I8V46	oregano, rice, corn, yogurt	518.65	18	Combo
FoodC_IJKBR8	beef, rice, butter, paneer	531.22	23	Dessert
FoodC_5PTTD7	onion, cream, corn, paneer	1190.8	33	Veg
FoodC_G65WJI	flour, mushroom, carrot, oregano	545.19	45	Main Course
FoodC_9X71NU	beef, basil, cream, yogurt	454.7	24	Combo
FoodC_RHMOH1	flour, beef, capsicum, paneer	422.66	20	Veg
FoodC_T2XQQR	corn, spinach, mushroom, carrot	222.33	6	Dessert
FoodC_Y7N6S9	yogurt, capsicum, pepper, carrot	268.76	41	Non-Veg
FoodC_ALBTDE	basil, butter, carrot, capsicum	1101.14	39	Beverage
FoodC_CNVJNL	paneer, mushroom, yogurt, corn	853.45	12	Beverage
FoodC_Q4A7BU	basil, chicken, paneer, flour	1055.2	32	Non-Veg
FoodC_BTRYXR	tomato, rice, yogurt, lentils	763.88	16	Combo
FoodC_PZ79KR	lentils, fish, corn, broccoli	416.69	43	Beverage
FoodC_GVZOKG	lentils, tomato, cream, paneer	856.95	32	Veg
FoodC_XWCNTC	cream, rice, spinach, carrot	597.56	33	Combo
FoodC_2W5A25	yogurt, broccoli, carrot, rice	1192.1	23	Main Course
FoodC_59BC4C	paneer, spinach, rice, butter	1140.75	10	Main Course
FoodC_0R5GJR	corn, spinach, butter, yogurt	825.06	20	Beverage
FoodC_OYNX7D	butter, capsicum, mushroom, lentils	810.66	45	Main Course
FoodC_4X6UCN	basil, onion, potato, fish	940.09	12	Dessert
FoodC_0U7M6G	yogurt, tomato, pepper, chicken	994.08	7	Combo
FoodC_4Q650F	paneer, chicken, lentils, pepper	351.07	20	Combo
FoodC_XY9CWN	carrot, yogurt, chicken, fish	316.67	17	Combo
FoodC_2OMZNK	potato, rice, spinach, chicken	1120.61	10	Non-Veg
FoodC_K8HXHB	mushroom, onion, flour, beef	485.46	16	Dessert
FoodC_571IYU	oregano, rice, capsicum, cream	550.3	27	Non-Veg
FoodC_AYI066	onion, yogurt, corn, carrot	1115.09	36	Non-Veg
FoodC_IZKJPT	tomato, spinach, carrot, onion	473.05	41	Main Course
FoodC_OCSXFN	flour, beef, butter, pepper	1147.14	11	Veg
FoodC_Z4ASQ1	potato, chicken, paneer, capsicum	793.89	42	Non-Veg
FoodC_8UFNQ2	mushroom, fish, carrot, corn	1096.16	36	Beverage
FoodC_JLOMTR	paneer, onion, oregano, spinach	324.68	7	Non-Veg
FoodC_4UXN6V	fish, flour, broccoli, potato	296.81	6	Dessert
FoodC_7LC1Q8	tomato, potato, broccoli, yogurt	744.13	36	Main Course
FoodC_FMHUV1	onion, flour, oregano, beef	806.42	41	Dessert
FoodC_3NT3BT	broccoli, basil, paneer, fish	855.56	40	Veg
FoodC_XES4G1	paneer, lentils, pepper, cream	981.54	35	Main Course
FoodC_74AHD5	fish, lentils, butter, tomato	604.79	16	Combo
FoodC_B4CGY2	lentils, oregano, capsicum, carrot	795.67	17	Non-Veg
FoodC_7V387R	butter, onion, mushroom, cream	230.92	44	Combo
FoodC_YGWGNF	capsicum, potato, yogurt, chicken	1085.44	22	Dessert
FoodC_VJPZBF	tomato, capsicum, rice, oregano	1083.0	34	Beverage
FoodC_93PT61	pepper, cream, basil, onion	982.08	39	Beverage
FoodC_R2A9PE	carrot, butter, cream, corn	405.09	35	Combo
FoodC_2LY52H	paneer, spinach, lentils, oregano	730.23	22	Veg
FoodC_2ETBOV	beef, oregano, corn, capsicum	720.81	43	Non-Veg
FoodC_DUTRNS	oregano, cream, mushroom, fish	619.88	43	Main Course
FoodC_FES1X7	pepper, capsicum, cream, corn	423.34	27	Veg
FoodC_AUBPUA	mushroom, paneer, broccoli, corn	423.72	10	Veg
FoodC_WSRGF4	tomato, rice, flour, onion	507.28	36	Veg
FoodC_445C6R	capsicum, paneer, flour, potato	565.87	32	Combo
FoodC_QJWXLF	spinach, fish, pepper, carrot	331.78	19	Dessert
FoodC_739KB6	fish, paneer, capsicum, potato	331.5	15	Main Course
FoodC_65GDYA	paneer, tomato, butter, onion	838.71	42	Non-Veg
FoodC_UGRTF4	mushroom, spinach, tomato, fish	764.25	23	Dessert
FoodC_POAL64	fish, oregano, tomato, spinach	1194.49	41	Beverage
FoodC_67KVMR	pepper, chicken, broccoli, beef	264.46	32	Main Course
FoodC_2V5FEI	cream, corn, flour, basil	668.33	28	Dessert
FoodC_ED7RJ8	mushroom, basil, corn, rice	1005.22	40	Beverage
FoodC_R20QNG	yogurt, basil, flour, potato	441.12	16	Beverage
FoodC_7TR319	pepper, fish, beef, paneer	1033.67	36	Combo
FoodC_XFFDG7	mushroom, chicken, beef, onion	922.26	38	Non-Veg
FoodC_VU401I	lentils, onion, basil, corn	235.23	35	Combo
FoodC_DUNIYG	corn, cream, mushroom, spinach	627.46	18	Non-Veg
FoodC_TJ67AH	flour, basil, cream, lentils	225.92	9	Main Course
FoodC_BO1K0Z	corn, flour, onion, paneer	1148.84	42	Veg
FoodC_XUB024	fish, paneer, broccoli, potato	1160.4	16	Dessert
FoodC_NY3VMK	rice, mushroom, flour, cream	163.04	13	Non-Veg
FoodC_JNMQWW	spinach, basil, onion, tomato	822.45	40	Main Course
FoodC_B01R82	beef, carrot, chicken, potato	614.69	12	Main Course
FoodC_45F3WK	capsicum, fish, spinach, flour	268.3	30	Dessert
FoodC_DXWENM	paneer, capsicum, flour, oregano	301.44	33	Dessert
FoodC_RS5W18	onion, oregano, chicken, pepper	653.12	24	Main Course
FoodC_ITKQNZ	yogurt, chicken, fish, rice	743.35	19	Non-Veg
FoodC_86UQCW	mushroom, oregano, corn, lentils	806.18	16	Dessert
FoodC_O2Z611	onion, pepper, potato, carrot	880.15	11	Dessert
FoodC_KQHKM0	basil, chicken, beef, fish	1100.83	32	Veg
FoodC_X2I1Q3	capsicum, beef, carrot, oregano	661.48	22	Dessert
FoodC_BVOTB7	rice, fish, onion, carrot	153.36	10	Dessert
FoodC_BLGJ5I	yogurt, chicken, broccoli, tomato	535.2	13	Veg
FoodC_IPZC20	butter, potato, flour, oregano	386.38	45	Combo
FoodC_R6IM67	mushroom, pepper, onion, potato	428.34	36	Combo
FoodC_VB2PHD	pepper, flour, cream, paneer	482.72	13	Dessert
FoodC_EUMTRW	paneer, oregano, fish, beef	488.55	38	Main Course
FoodC_ZNNNLU	rice, pepper, corn, mushroom	245.35	20	Combo
FoodC_YG8MTC	rice, beef, corn, fish	826.8	39	Beverage
FoodC_95P92I	fish, yogurt, broccoli, flour	200.53	15	Beverage
FoodC_R4UA15	lentils, capsicum, butter, beef	1184.06	6	Main Course
FoodC_D0KNL0	pepper, mushroom, chicken, carrot	666.97	37	Veg
FoodC_YUWRP3	potato, tomato, cream, carrot	305.43	27	Non-Veg
FoodC_BDDJGR	basil, oregano, paneer, broccoli	1129.21	45	Non-Veg
FoodC_U6KFKH	paneer, oregano, lentils, cream	445.85	29	Beverage
FoodC_370ACR	yogurt, flour, carrot, lentils	499.78	17	Non-Veg
FoodC_BWQSTL	basil, potato, lentils, chicken	482.71	19	Combo
FoodC_JX3AUZ	chicken, broccoli, potato, yogurt	708.08	37	Main Course
FoodC_22BTQP	mushroom, chicken, lentils, onion	522.37	35	Main Course
FoodC_BTZPMZ	butter, yogurt, mushroom, tomato	222.57	28	Non-Veg
FoodC_E4THCD	beef, fish, potato, butter	341.95	44	Veg
FoodC_RIQVQV	flour, tomato, oregano, potato	723.3	27	Combo
FoodC_3RUJ26	fish, yogurt, tomato, pepper	827.57	13	Dessert
FoodC_G9BWY2	spinach, capsicum, fish, pepper	355.63	39	Combo
FoodC_MZ7TNK	pepper, mushroom, beef, basil	165.97	14	Non-Veg
FoodC_ECVCZT	pepper, spinach, broccoli, basil	288.08	35	Beverage
FoodC_QGKY1B	spinach, oregano, flour, pepper	840.99	8	Veg
FoodC_IT3F7T	yogurt, chicken, onion, paneer	742.39	24	Dessert
FoodC_VVCAAL	yogurt, carrot, paneer, broccoli	695.32	42	Dessert
FoodC_QCQW6D	carrot, spinach, cream, yogurt	1035.94	29	Veg
FoodC_2FFVJW	lentils, beef, broccoli, onion	295.08	19	Combo
FoodC_JF5Y9M	yogurt, butter, broccoli, cream	313.93	20	Combo
FoodC_2CSXCT	chicken, fish, corn, butter	717.99	5	Dessert
FoodC_4PCNC9	cream, onion, paneer, broccoli	425.34	35	Dessert
FoodC_0PD8S4	pepper, tomato, mushroom, carrot	1154.85	17	Main Course
FoodC_2Z3DSE	potato, carrot, oregano, butter	391.92	41	Non-Veg
FoodC_56EC0P	broccoli, lentils, mushroom, butter	560.3	36	Beverage
FoodC_VQOS7P	flour, oregano, corn, potato	831.55	22	Non-Veg
FoodC_2NKBCG	corn, basil, broccoli, spinach	164.64	5	Veg
FoodC_UXG4QE	carrot, capsicum, cream, broccoli	1112.52	22	Main Course
FoodC_11G6EO	fish, oregano, yogurt, paneer	1067.67	29	Main Course
FoodC_YZ687H	tomato, corn, spinach, potato	686.08	10	Combo
FoodC_MH5R0D	lentils, fish, chicken, tomato	600.12	22	Dessert
FoodC_UPDLS0	corn, basil, lentils, spinach	460.64	11	Non-Veg
FoodC_85BR6B	beef, lentils, yogurt, carrot	986.61	16	Dessert
FoodC_G2Z75X	onion, carrot, fish, potato	1174.73	19	Veg
FoodC_6VR5CZ	oregano, fish, broccoli, carrot	1071.61	30	Non-Veg
FoodC_KJPBQG	paneer, beef, tomato, onion	383.24	36	Non-Veg
FoodC_NGED93	tomato, chicken, yogurt, fish	938.03	39	Beverage
FoodC_FQMN29	cream, oregano, potato, beef	971.45	18	Beverage
FoodC_32747Q	flour, spinach, potato, rice	913.41	35	Combo
FoodC_UDMWBV	basil, butter, broccoli, spinach	423.53	24	Dessert
FoodC_TJVJBX	broccoli, fish, onion, cream	170.25	27	Combo
FoodC_TFABQE	basil, spinach, flour, capsicum	253.73	25	Veg
FoodC_IL330V	fish, rice, flour, butter	643.22	7	Beverage
FoodC_D7BXFC	butter, tomato, basil, mushroom	889.37	31	Beverage
FoodC_5KFWFN	onion, broccoli, oregano, basil	184.1	26	Dessert
FoodC_EA9IBP	corn, yogurt, paneer, tomato	716.91	39	Non-Veg
FoodC_SHTTWA	flour, yogurt, rice, oregano	877.97	23	Dessert
FoodC_P8INH3	mushroom, onion, chicken, basil	865.69	26	Non-Veg
FoodC_8OAMW6	flour, fish, pepper, basil	373.97	29	Combo
FoodC_14TDOP	cream, flour, tomato, potato	897.17	33	Main Course
FoodC_VCCL7F	spinach, cream, flour, basil	766.77	15	Main Course
FoodC_HAI8GJ	mushroom, butter, rice, yogurt	862.3	26	Main Course
FoodC_RICSVZ	pepper, basil, paneer, corn	194.77	33	Veg
FoodC_W3CH1D	yogurt, rice, carrot, chicken	747.71	23	Combo
FoodC_9APSL7	fish, butter, corn, mushroom	1041.97	8	Main Course
FoodC_BYHM0A	lentils, mushroom, butter, onion	350.99	39	Veg
FoodC_43LUR8	onion, potato, tomato, capsicum	513.79	44	Beverage
FoodC_8E4I65	yogurt, tomato, cream, butter	608.02	30	Combo
FoodC_7S935Y	pepper, spinach, paneer, cream	326.54	16	Veg
FoodC_NM0CC4	beef, potato, fish, rice	987.3	28	Dessert
FoodC_UX359P	beef, capsicum, fish, spinach	190.12	5	Veg
FoodC_TVR9RZ	onion, mushroom, cream, spinach	868.28	26	Main Course
FoodC_F2R5O4	tomato, yogurt, onion, lentils	943.02	5	Non-Veg
FoodC_PMOV4P	capsicum, pepper, chicken, yogurt	1131.94	15	Dessert
FoodC_PBA1MT	oregano, pepper, potato, spinach	727.07	19	Veg
FoodC_Z4GC59	fish, lentils, butter, carrot	611.1	27	Main Course
FoodC_KNOXE5	carrot, beef, butter, cream	796.54	32	Non-Veg
FoodC_B6YPFE	cream, tomato, onion, lentils	891.85	19	Main Course
FoodC_AIC7O2	flour, butter, corn, oregano	424.19	42	Dessert
FoodC_9RKRJD	potato, oregano, flour, butter	427.34	34	Veg
FoodC_R8DJNF	flour, beef, corn, butter	357.15	14	Beverage
FoodC_FZJA93	flour, corn, butter, yogurt	880.81	24	Beverage
FoodC_5O6R4L	flour, yogurt, potato, fish	1055.56	41	Dessert
FoodC_2L4Y6M	beef, cream, spinach, carrot	1009.35	41	Dessert
FoodC_VN1PXH	basil, mushroom, oregano, spinach	312.07	29	Combo
FoodC_3MKHLW	flour, beef, potato, paneer	343.3	6	Dessert
FoodC_069ESA	paneer, butter, flour, cream	167.83	14	Beverage
FoodC_QSRCS0	onion, lentils, cream, paneer	1188.24	30	Non-Veg
FoodC_NPTL9U	onion, carrot, tomato, beef	897.71	30	Beverage
